ASV,MeanRelAbund,SD,Treatment,Time,Taxon,SamplesCombined
ASV4,12.648000000000001,14.1639622764402,Blank,0,ASV4,20
ASV8,0.156,0.4368596064978698,Blank,0,ASV8,20
ASV9,0,0,Blank,0,ASV9,20
ASV10,1.572,3.655187517689576,Blank,0,ASV10,20
ASV2,10.639999999999999,15.728951515898117,Blank,0,ASV2,20
ASV6,1.899,0.7399708386857303,Blank,0,ASV6,20
ASV5,0.494,1.8178888854932802,Blank,0,ASV5,20
ASV1,28.201999999999998,30.995581960218647,Blank,0,ASV1,20
ASV3,6.748,15.774434212891508,Blank,0,ASV3,20
ASV7,0.11399999999999999,0.311809658538498,Blank,0,ASV7,20
ASV4,16.732,16.114328896652,Blank,12,ASV4,20
ASV8,0.252,0.678989961944249,Blank,12,ASV8,20
ASV9,0,0,Blank,12,ASV9,20
ASV10,0.391,1.2732465755325098,Blank,12,ASV10,20
ASV2,9.039,10.1873863700476,Blank,12,ASV2,20
ASV6,0.7230000000000001,0.31664524396604443,Blank,12,ASV6,20
ASV5,1.0630000000000002,2.8644630249058256,Blank,12,ASV5,20
ASV1,39.378,32.74675132139466,Blank,12,ASV1,20
ASV3,6.998,17.284993065175293,Blank,12,ASV3,20
ASV7,0.264,0.9471641885122135,Blank,12,ASV7,20
ASV4,14.558961227098424,14.903648979880638,Blank,24,ASV4,20
ASV8,0.244,0.7711809126268622,Blank,24,ASV8,20
ASV9,0.232,0.9391238918324496,Blank,24,ASV9,20
ASV10,0.361,1.614441079754848,Blank,24,ASV10,20
ASV2,12.831999999999999,12.149812907374768,Blank,24,ASV2,20
ASV6,1.4297993182786537,0.6947058840175451,Blank,24,ASV6,20
ASV5,2.345,8.680775796036471,Blank,24,ASV5,20
ASV1,39.63362036642523,31.724309191987075,Blank,24,ASV1,20
ASV3,3.356,6.975052084317893,Blank,24,ASV3,20
ASV7,1.295,4.726168471505499,Blank,24,ASV7,20
ASV4,4.002999999999999,4.048205710396177,Blank,48,ASV4,20
ASV8,0,0,Blank,48,ASV8,20
ASV9,0.404,1.1271687866882274,Blank,48,ASV9,20
ASV10,0.024,0.09028609498349356,Blank,48,ASV10,20
ASV2,2.818,3.096054535083406,Blank,48,ASV2,20
ASV6,0.625,0.24741824806122165,Blank,48,ASV6,20
ASV5,3.033,6.992589385613135,Blank,48,ASV5,20
ASV1,53.105000000000004,33.779219943628064,Blank,48,ASV1,20
ASV3,3.476,7.629677788602526,Blank,48,ASV3,20
ASV7,1.7469999999999999,6.492561816984758,Blank,48,ASV7,20
ASV4,2.997894736842105,6.687610085446874,Blank,96,ASV4,19
ASV8,0.42210526315789476,1.3440386028986933,Blank,96,ASV8,19
ASV9,1.4157894736842105,1.9887861060050165,Blank,96,ASV9,19
ASV10,2.729473684210526,10.135542233855523,Blank,96,ASV10,19
ASV2,3.66,7.208118879276186,Blank,96,ASV2,19
ASV6,2.1294736842105264,0.7885392520647173,Blank,96,ASV6,19
ASV5,1.874736842105263,4.915588998754713,Blank,96,ASV5,19
ASV1,60.05789473684211,29.18642674999371,Blank,96,ASV1,19
ASV3,4.623157894736842,7.272136360895744,Blank,96,ASV3,19
ASV7,2.1399999999999997,6.547654372199084,Blank,96,ASV7,19
ASV4,3.026666666666667,2.849578384550418,Mixture Low,0,ASV4,12
ASV8,0.43,1.4209215959433448,Mixture Low,0,ASV8,12
ASV9,0.48833333333333334,1.1892077831544625,Mixture Low,0,ASV9,12
ASV10,4.66,15.057173464075943,Mixture Low,0,ASV10,12
ASV2,18.168333333333333,20.345968478628226,Mixture Low,0,ASV2,12
ASV6,1.586666666666667,2.959647808695344,Mixture Low,0,ASV6,12
ASV5,6.183333333333334,16.623726380925515,Mixture Low,0,ASV5,12
ASV1,35.27666666666667,35.2128167093469,Mixture Low,0,ASV1,12
ASV3,2.3633333333333333,4.71224195499597,Mixture Low,0,ASV3,12
ASV7,0.008333333333333333,0.02886751345948129,Mixture Low,0,ASV7,12
ASV4,4.383990198960859,6.822750912868421,Mixture Low,12,ASV4,11
ASV8,0.7954218937153454,1.6581932515533944,Mixture Low,12,ASV8,11
ASV9,0,0,Mixture Low,12,ASV9,11
ASV10,0,0,Mixture Low,12,ASV10,11
ASV2,6.852106203965616,7.062811081119912,Mixture Low,12,ASV2,11
ASV6,4.028171984835119,2.250698907429989,Mixture Low,12,ASV6,11
ASV5,13.071119985150734,21.162041439291293,Mixture Low,12,ASV5,11
ASV1,3.92628739552852,6.983735060755442,Mixture Low,12,ASV1,11
ASV3,0.01996814018319395,0.046430654418269796,Mixture Low,12,ASV3,11
ASV7,0,0,Mixture Low,12,ASV7,11
ASV4,3.124192006119717,5.842300466513618,Mixture Low,24,ASV4,12
ASV8,3.175,6.961113416688454,Mixture Low,24,ASV8,12
ASV9,0.17928858290304073,0.6210738696101826,Mixture Low,24,ASV9,12
ASV10,0.04666666666666667,0.16165807537309523,Mixture Low,24,ASV10,12
ASV2,1.098640594122522,1.5598509421473985,Mixture Low,24,ASV2,12
ASV6,1.7695671575189649,0.5122043543681967,Mixture Low,24,ASV6,12
ASV5,15.688439472174412,24.69517380369696,Mixture Low,24,ASV5,12
ASV1,5.309689870593485,10.448746021713886,Mixture Low,24,ASV1,12
ASV3,0.01,0.02486326242032244,Mixture Low,24,ASV3,12
ASV7,3.2233333333333336,8.111033263774758,Mixture Low,24,ASV7,12
ASV4,0.8844579785480148,2.9334152576799704,Mixture Low,48,ASV4,11
ASV8,2.2514614499424623,3.0635349732245527,Mixture Low,48,ASV8,11
ASV9,0,0,Mixture Low,48,ASV9,11
ASV10,1.069090909090909,2.5411865517724372,Mixture Low,48,ASV10,11
ASV2,1.4767779056386652,3.980451697960943,Mixture Low,48,ASV2,11
ASV6,6.024932346072726,9.147796296256486,Mixture Low,48,ASV6,11
ASV5,20.871285893970615,31.203448880425466,Mixture Low,48,ASV5,11
ASV1,5.141495972382049,8.99167701284599,Mixture Low,48,ASV1,11
ASV3,0.03229235038618926,0.06185829887851125,Mixture Low,48,ASV3,11
ASV7,6.308975834292291,15.99215159228825,Mixture Low,48,ASV7,11
ASV4,0.18,0.5058925505749938,Mixture Low,96,ASV4,12
ASV8,0.034999999999999996,0.08447700063546075,Mixture Low,96,ASV8,12
ASV9,0,0,Mixture Low,96,ASV9,12
ASV10,0.009538344143456695,0.03304179335308808,Mixture Low,96,ASV10,12
ASV2,1.6704952961365878,3.0002874771505628,Mixture Low,96,ASV2,12
ASV6,5.295859038292256,10.726389699501865,Mixture Low,96,ASV6,12
ASV5,3.8003767972235996,9.952517463342053,Mixture Low,96,ASV5,12
ASV1,0.19038422443586095,0.18101969047404723,Mixture Low,96,ASV1,12
ASV3,0.044040941900366816,0.07726734745366018,Mixture Low,96,ASV3,12
ASV7,3.122695538989469,6.841994615246054,Mixture Low,96,ASV7,12
ASV4,4.369090909090909,4.654162555273407,Mixture High,0,ASV4,11
ASV8,0.34181818181818185,1.1336826556123911,Mixture High,0,ASV8,11
ASV9,0,0,Mixture High,0,ASV9,11
ASV10,0.09090909090909091,0.2117288145460861,Mixture High,0,ASV10,11
ASV2,11.41090909090909,12.075553365825895,Mixture High,0,ASV2,11
ASV6,4.296363636363636,8.088667718144036,Mixture High,0,ASV6,11
ASV5,3.6563636363636363,11.100064209478495,Mixture High,0,ASV5,11
ASV1,34.82909090909091,33.102880072448514,Mixture High,0,ASV1,11
ASV3,6.738181818181818,9.277087709170177,Mixture High,0,ASV3,11
ASV7,0.3909090909090909,1.2379778232703085,Mixture High,0,ASV7,11
ASV4,2.412886472002207,5.609320380756686,Mixture High,12,ASV4,11
ASV8,1.857559617479724,4.573759125791511,Mixture High,12,ASV8,11
ASV9,0,0,Mixture High,12,ASV9,11
ASV10,0.27636363636363637,0.9165944875164013,Mixture High,12,ASV10,11
ASV2,2.1545454545454543,4.358138051132303,Mixture High,12,ASV2,11
ASV6,3.4086001022338643,2.2090208471568,Mixture High,12,ASV6,11
ASV5,22.132550160884122,22.5132410529641,Mixture High,12,ASV5,11
ASV1,1.7887670697572324,3.1781892253767374,Mixture High,12,ASV1,11
ASV3,0.012727272727272728,0.028667371379639636,Mixture High,12,ASV3,11
ASV7,2.8181818181818183,9.346851681910671,Mixture High,12,ASV7,11
ASV4,0.66,2.2863070659909184,Mixture High,24,ASV4,12
ASV8,0.3866666666666666,1.3394526245199316,Mixture High,24,ASV8,12
ASV9,0,0,Mixture High,24,ASV9,12
ASV10,0,0,Mixture High,24,ASV10,12
ASV2,5.236561942781861,6.7190973334670705,Mixture High,24,ASV2,12
ASV6,1.577322246112324,0.8009805450979728,Mixture High,24,ASV6,12
ASV5,11.60755619571137,13.714047258266726,Mixture High,24,ASV5,12
ASV1,5.837153968873432,11.42781994596978,Mixture High,24,ASV1,12
ASV3,0.0793282149712092,0.08598352383058382,Mixture High,24,ASV3,12
ASV7,3.613426103646833,6.4895629890588165,Mixture High,24,ASV7,12
ASV4,0.47333333333333333,0.7924339184761813,Mixture High,48,ASV4,12
ASV8,6.356699394837594,18.091915838852415,Mixture High,48,ASV8,12
ASV9,0,0,Mixture High,48,ASV9,12
ASV10,1.6885957558291853,3.030758420667191,Mixture High,48,ASV10,12
ASV2,2.8795402148283995,5.994492565498618,Mixture High,48,ASV2,12
ASV6,3.521498626989892,1.7238165826999952,Mixture High,48,ASV6,12
ASV5,28.63699544096983,32.66069499567797,Mixture High,48,ASV5,12
ASV1,7.506655328798185,12.659803133533124,Mixture High,48,ASV1,12
ASV3,0,0,Mixture High,48,ASV3,12
ASV7,1.660236827628156,2.8865197223359065,Mixture High,48,ASV7,12
ASV4,0.051423601128805646,0.10962247690823887,Mixture High,96,ASV4,9
ASV8,0.12159669390438621,0.3358338857433887,Mixture High,96,ASV8,9
ASV9,0.008888888888888889,0.02666666666666667,Mixture High,96,ASV9,9
ASV10,0.028888888888888888,0.08666666666666667,Mixture High,96,ASV10,9
ASV2,0.15825780919688964,0.25380863218228944,Mixture High,96,ASV2,9
ASV6,8.59673952440292,3.958579753925723,Mixture High,96,ASV6,9
ASV5,13.273676704947599,21.190914851659112,Mixture High,96,ASV5,9
ASV1,13.21895015703306,28.402621880090674,Mixture High,96,ASV1,9
ASV3,0.35976021845230677,0.7778355254996564,Mixture High,96,ASV3,9
ASV7,6.523572949303379,14.87774635945636,Mixture High,96,ASV7,9
ASV4,8.075000000000001,12.460194438873955,Ampicillin Low,0,ASV4,12
ASV8,0.14166666666666666,0.4032105999087671,Ampicillin Low,0,ASV8,12
ASV9,0,0,Ampicillin Low,0,ASV9,12
ASV10,1.1266666666666667,3.370592970042062,Ampicillin Low,0,ASV10,12
ASV2,5.005000000000001,7.1091138688306295,Ampicillin Low,0,ASV2,12
ASV6,2.091666666666667,0.9620984010657816,Ampicillin Low,0,ASV6,12
ASV5,0.4766666666666666,0.9021120000343974,Ampicillin Low,0,ASV5,12
ASV1,60.14166666666667,28.00185767647092,Ampicillin Low,0,ASV1,12
ASV3,3.7316666666666665,3.474901786272876,Ampicillin Low,0,ASV3,12
ASV7,0.4416666666666667,1.3576037267140506,Ampicillin Low,0,ASV7,12
ASV4,8.325000000000001,10.912811903279724,Ampicillin Low,12,ASV4,12
ASV8,1.1749999999999998,4.070319397786861,Ampicillin Low,12,ASV8,12
ASV9,0,0,Ampicillin Low,12,ASV9,12
ASV10,1.7316666666666667,5.9986692968802116,Ampicillin Low,12,ASV10,12
ASV2,25.78333333333333,19.102911407490332,Ampicillin Low,12,ASV2,12
ASV6,0.8283333333333334,0.21480787751482544,Ampicillin Low,12,ASV6,12
ASV5,6.659999999999999,11.95535026672159,Ampicillin Low,12,ASV5,12
ASV1,11.976666666666667,17.41666251993571,Ampicillin Low,12,ASV1,12
ASV3,0.4,1.3230543175821343,Ampicillin Low,12,ASV3,12
ASV7,2.818333333333333,5.575364371840451,Ampicillin Low,12,ASV7,12
ASV4,7.61987208427389,8.741932527359717,Ampicillin Low,24,ASV4,12
ASV8,3.5866666666666664,5.540812761735056,Ampicillin Low,24,ASV8,12
ASV9,3.7450000000000006,9.529167186733964,Ampicillin Low,24,ASV9,12
ASV10,1.09,3.054790574580433,Ampicillin Low,24,ASV10,12
ASV2,16.273808287477433,10.775224110791234,Ampicillin Low,24,ASV2,12
ASV6,1.634782271615979,1.0402270784702536,Ampicillin Low,24,ASV6,12
ASV5,8.553160270880362,16.896761399350797,Ampicillin Low,24,ASV5,12
ASV1,4.410498645357796,6.674650733287438,Ampicillin Low,24,ASV1,12
ASV3,0.06877386249720538,0.10902346058454489,Ampicillin Low,24,ASV3,12
ASV7,2.292960596379127,5.354535303138961,Ampicillin Low,24,ASV7,12
ASV4,1.32,1.47832829420753,Ampicillin Low,48,ASV4,12
ASV8,0.041666666666666664,0.08716059715817519,Ampicillin Low,48,ASV8,12
ASV9,0.023333333333333334,0.08082903768654762,Ampicillin Low,48,ASV9,12
ASV10,4.333333333333334,10.351436732369205,Ampicillin Low,48,ASV10,12
ASV2,36.88333333333333,18.794358599098697,Ampicillin Low,48,ASV2,12
ASV6,0.7183333333333333,0.2066984335311771,Ampicillin Low,48,ASV6,12
ASV5,10.620000000000001,24.26972075353455,Ampicillin Low,48,ASV5,12
ASV1,0.5,0.9723822667692336,Ampicillin Low,48,ASV1,12
ASV3,0.008333333333333333,0.0180067327475704,Ampicillin Low,48,ASV3,12
ASV7,0.19833333333333336,0.49215358529137176,Ampicillin Low,48,ASV7,12
ASV4,0.065,0.22516660498395402,Ampicillin Low,96,ASV4,12
ASV8,1.3983333333333334,3.183439630146593,Ampicillin Low,96,ASV8,12
ASV9,7.438333333333333,12.744911165090974,Ampicillin Low,96,ASV9,12
ASV10,0.31999999999999995,0.7675225788801975,Ampicillin Low,96,ASV10,12
ASV2,9.610000000000001,10.020772969641161,Ampicillin Low,96,ASV2,12
ASV6,3.9183333333333334,4.582730098043649,Ampicillin Low,96,ASV6,12
ASV5,13.903333333333334,28.222689561071356,Ampicillin Low,96,ASV5,12
ASV1,0.165,0.565307639496166,Ampicillin Low,96,ASV1,12
ASV3,0.013333333333333334,0.046188021535170064,Ampicillin Low,96,ASV3,12
ASV7,0.8716666666666666,3.0195419078617425,Ampicillin Low,96,ASV7,12
ASV4,8.27,19.834076278419968,Ampicillin High,0,ASV4,12
ASV8,1.18,2.8013762851336286,Ampicillin High,0,ASV8,12
ASV9,0.06999999999999999,0.24248711305964282,Ampicillin High,0,ASV9,12
ASV10,0.5666666666666667,1.241328711380257,Ampicillin High,0,ASV10,12
ASV2,6.41,7.096711146080914,Ampicillin High,0,ASV2,12
ASV6,1.7383333333333333,0.5660361911547438,Ampicillin High,0,ASV6,12
ASV5,0.008333333333333333,0.019924098397912437,Ampicillin High,0,ASV5,12
ASV1,39.42,26.324046386940935,Ampicillin High,0,ASV1,12
ASV3,14.093333333333332,14.954219430912428,Ampicillin High,0,ASV3,12
ASV7,1.8716666666666666,4.143748485990857,Ampicillin High,0,ASV7,12
ASV4,7.388049162361046,8.87116305882597,Ampicillin High,12,ASV4,12
ASV8,2.0883333333333334,5.299093976303588,Ampicillin High,12,ASV8,12
ASV9,0,0,Ampicillin High,12,ASV9,12
ASV10,0,0,Ampicillin High,12,ASV10,12
ASV2,18.16310944105214,16.216283625692103,Ampicillin High,12,ASV2,12
ASV6,2.4060936276812277,2.737707910912204,Ampicillin High,12,ASV6,12
ASV5,1.2,4.138045212635815,Ampicillin High,12,ASV5,12
ASV1,17.099123219038674,21.172934036856084,Ampicillin High,12,ASV1,12
ASV3,0.8334092688273055,2.799074585078973,Ampicillin High,12,ASV3,12
ASV7,0.4,1.3856406460551018,Ampicillin High,12,ASV7,12
ASV4,11.093333333333334,14.937161305910434,Ampicillin High,24,ASV4,12
ASV8,0.7066979887899769,1.4878432010482412,Ampicillin High,24,ASV8,12
ASV9,0.9716666666666667,3.3659520693755183,Ampicillin High,24,ASV9,12
ASV10,0,0,Ampicillin High,24,ASV10,12
ASV2,23.87833333333333,19.03996076835785,Ampicillin High,24,ASV2,12
ASV6,1.2730992416749094,0.7696103579606794,Ampicillin High,24,ASV6,12
ASV5,1.4016666666666666,4.836651421148414,Ampicillin High,24,ASV5,12
ASV1,1.814305967688757,4.346271906769133,Ampicillin High,24,ASV1,12
ASV3,0.025,0.03919647479510927,Ampicillin High,24,ASV3,12
ASV7,0.9433333333333334,1.9459764239127468,Ampicillin High,24,ASV7,12
ASV4,3.0472687609075044,4.150882857590801,Ampicillin High,48,ASV4,12
ASV8,1.3216666666666668,2.7966272977327966,Ampicillin High,48,ASV8,12
ASV9,9.701069536989579,20.895908662354536,Ampicillin High,48,ASV9,12
ASV10,2.9916666666666667,6.188002810913938,Ampicillin High,48,ASV10,12
ASV2,4.055632514493395,3.7145701910115188,Ampicillin High,48,ASV2,12
ASV6,2.1756374052595753,1.3163849119448157,Ampicillin High,48,ASV6,12
ASV5,3.2724519421283933,6.480382728995279,Ampicillin High,48,ASV5,12
ASV1,7.775,8.886063143024485,Ampicillin High,48,ASV1,12
ASV3,0.21287521815008728,0.27318683081901407,Ampicillin High,48,ASV3,12
ASV7,0.14166666666666666,0.43713599575861833,Ampicillin High,48,ASV7,12
ASV4,1.1566666666666667,2.7040284201482976,Ampicillin High,96,ASV4,12
ASV8,4.231666666666667,7.008423286995226,Ampicillin High,96,ASV8,12
ASV9,2.4516666666666667,5.588276418837326,Ampicillin High,96,ASV9,12
ASV10,0.40166666666666667,1.391414148746998,Ampicillin High,96,ASV10,12
ASV2,1.5183333333333333,2.7983171349721583,Ampicillin High,96,ASV2,12
ASV6,2.15,0.8243344422789046,Ampicillin High,96,ASV6,12
ASV5,1.9016666666666668,3.6047187088172317,Ampicillin High,96,ASV5,12
ASV1,12.725,27.664902773271145,Ampicillin High,96,ASV1,12
ASV3,1.1466666666666667,2.42955040110617,Ampicillin High,96,ASV3,12
ASV7,0.6416666666666667,2.0880692836525645,Ampicillin High,96,ASV7,12
ASV4,4.933868242105972,8.99448766574121,Streptomycin Low,0,ASV4,12
ASV8,0.17,0.540471174910458,Streptomycin Low,0,ASV8,12
ASV9,0.009999999999999998,0.034641016151377546,Streptomycin Low,0,ASV9,12
ASV10,0.5266666666666667,0.8923649205987153,Streptomycin Low,0,ASV10,12
ASV2,21.9295670908234,25.12014060615469,Streptomycin Low,0,ASV2,12
ASV6,1.6112364505487107,0.9274144994813622,Streptomycin Low,0,ASV6,12
ASV5,4.2749999999999995,9.709542166905146,Streptomycin Low,0,ASV5,12
ASV1,33.64753686124015,33.54163035177742,Streptomycin Low,0,ASV1,12
ASV3,4.963333333333334,7.860996158634134,Streptomycin Low,0,ASV3,12
ASV7,3.376666666666667,11.55924449665,Streptomycin Low,0,ASV7,12
ASV4,11.708333333333334,10.072076461307482,Streptomycin Low,12,ASV4,12
ASV8,0,0,Streptomycin Low,12,ASV8,12
ASV9,2.4566666666666666,8.510142967855085,Streptomycin Low,12,ASV9,12
ASV10,0,0,Streptomycin Low,12,ASV10,12
ASV2,12.698333333333334,13.755946703043367,Streptomycin Low,12,ASV2,12
ASV6,1.8166666666666669,0.6535961128922654,Streptomycin Low,12,ASV6,12
ASV5,1.3666666666666665,3.940690602450593,Streptomycin Low,12,ASV5,12
ASV1,6.741666666666666,14.333194678681012,Streptomycin Low,12,ASV1,12
ASV3,6.93,9.894867356362084,Streptomycin Low,12,ASV3,12
ASV7,0.5716666666666667,1.6005103352785113,Streptomycin Low,12,ASV7,12
ASV4,11.611465263163161,11.25120739515246,Streptomycin Low,24,ASV4,12
ASV8,0.004999999999999999,0.017320508075688773,Streptomycin Low,24,ASV8,12
ASV9,0.5883333333333334,1.5174250518159993,Streptomycin Low,24,ASV9,12
ASV10,0,0,Streptomycin Low,24,ASV10,12
ASV2,6.826627164995442,8.097291281881821,Streptomycin Low,24,ASV2,12
ASV6,2.6314085678237067,4.19716881222987,Streptomycin Low,24,ASV6,12
ASV5,0.5549999999999999,1.8786286100625247,Streptomycin Low,24,ASV5,12
ASV1,0.8149657064471879,1.346787248010615,Streptomycin Low,24,ASV1,12
ASV3,13.07238683127572,16.151139814184777,Streptomycin Low,24,ASV3,12
ASV7,4.140088119112732,8.004067688027169,Streptomycin Low,24,ASV7,12
ASV4,2.0299271743653766,3.159935633612708,Streptomycin Low,48,ASV4,12
ASV8,1.0233333333333334,3.5449306528243025,Streptomycin Low,48,ASV8,12
ASV9,10.348333333333333,19.12836724169978,Streptomycin Low,48,ASV9,12
ASV10,0.19,0.6581793068761734,Streptomycin Low,48,ASV10,12
ASV2,4.789968789013733,12.323673313897874,Streptomycin Low,48,ASV2,12
ASV6,1.5185393258426965,0.5040610007839091,Streptomycin Low,48,ASV6,12
ASV5,5.305,13.218199918707127,Streptomycin Low,48,ASV5,12
ASV1,0.4953204327923429,0.7220791928281525,Streptomycin Low,48,ASV1,12
ASV3,1.2,4.131792479167981,Streptomycin Low,48,ASV3,12
ASV7,0.16166666666666665,0.43571953726166,Streptomycin Low,48,ASV7,12
ASV4,0,0,Streptomycin Low,96,ASV4,12
ASV8,0.7063929040735873,1.4763004688479333,Streptomycin Low,96,ASV8,12
ASV9,9.626545112232826,18.344154852535546,Streptomycin Low,96,ASV9,12
ASV10,1.3833333333333335,4.2235860104748415,Streptomycin Low,96,ASV10,12
ASV2,2.112639431000087,6.9011925004248225,Streptomycin Low,96,ASV2,12
ASV6,4.377547524643885,2.5672375105500196,Streptomycin Low,96,ASV6,12
ASV5,3.62,12.540047846798672,Streptomycin Low,96,ASV5,12
ASV1,0.295,0.69476614770727,Streptomycin Low,96,ASV1,12
ASV3,0,0,Streptomycin Low,96,ASV3,12
ASV7,0,0,Streptomycin Low,96,ASV7,12
ASV4,4.323333333333333,4.937955655998347,Streptomycin High,0,ASV4,12
ASV8,0.39499999999999996,1.2272696969659558,Streptomycin High,0,ASV8,12
ASV9,0.0033333333333333335,0.011547005383792516,Streptomycin High,0,ASV9,12
ASV10,2.0966666666666667,4.8967880629381275,Streptomycin High,0,ASV10,12
ASV2,13.381666666666666,9.69992111807976,Streptomycin High,0,ASV2,12
ASV6,0.7866666666666666,0.2096461665557354,Streptomycin High,0,ASV6,12
ASV5,0.7516666666666667,2.5724337020640884,Streptomycin High,0,ASV5,12
ASV1,35.089999999999996,32.86797778440839,Streptomycin High,0,ASV1,12
ASV3,4.876666666666667,8.290291510757227,Streptomycin High,0,ASV3,12
ASV7,0,0,Streptomycin High,0,ASV7,12
ASV4,10.891666666666666,15.140694011554265,Streptomycin High,12,ASV4,12
ASV8,0.975,3.2172164705194795,Streptomycin High,12,ASV8,12
ASV9,0,0,Streptomycin High,12,ASV9,12
ASV10,0,0,Streptomycin High,12,ASV10,12
ASV2,21.852825158162847,22.35093262386766,Streptomycin High,12,ASV2,12
ASV6,2.2544971653931474,1.4084211380230796,Streptomycin High,12,ASV6,12
ASV5,5.9223243776189305,20.469003528164194,Streptomycin High,12,ASV5,12
ASV1,1.5953064661901242,3.000454770907103,Streptomycin High,12,ASV1,12
ASV3,0.004999999999999999,0.017320508075688773,Streptomycin High,12,ASV3,12
ASV7,1.0566666666666666,2.3941570288491687,Streptomycin High,12,ASV7,12
ASV4,8.406271761040864,9.73179589280226,Streptomycin High,24,ASV4,12
ASV8,0.30166666666666664,0.9191877178281161,Streptomycin High,24,ASV8,12
ASV9,0,0,Streptomycin High,24,ASV9,12
ASV10,0.7474628916987356,1.5585543771379378,Streptomycin High,24,ASV10,12
ASV2,42.32303829943192,28.218630311046745,Streptomycin High,24,ASV2,12
ASV6,1.2655167674546453,0.660699708776959,Streptomycin High,24,ASV6,12
ASV5,3.826666666666666,11.636482859237722,Streptomycin High,24,ASV5,12
ASV1,2.3049999999999997,5.989203164483114,Streptomycin High,24,ASV1,12
ASV3,0.055,0.06882124407741869,Streptomycin High,24,ASV3,12
ASV7,0.33333333333333337,1.1547005383792517,Streptomycin High,24,ASV7,12
ASV4,0.47000000000000003,0.893593358809862,Streptomycin High,48,ASV4,12
ASV8,0,0,Streptomycin High,48,ASV8,12
ASV9,1.8316666666666668,4.7491890854857495,Streptomycin High,48,ASV9,12
ASV10,0.7533333333333334,1.4191760306813972,Streptomycin High,48,ASV10,12
ASV2,46.58833333333333,23.331455876848604,Streptomycin High,48,ASV2,12
ASV6,0.9383333333333334,0.31106366882136216,Streptomycin High,48,ASV6,12
ASV5,2.835,9.738986786948816,Streptomycin High,48,ASV5,12
ASV1,2.1716666666666664,3.2832185797513147,Streptomycin High,48,ASV1,12
ASV3,0.030000000000000002,0.04786344211304794,Streptomycin High,48,ASV3,12
ASV7,0.38833333333333336,1.0395963668946744,Streptomycin High,48,ASV7,12
ASV4,0.23166666666666666,0.5041975322382602,Streptomycin High,96,ASV4,12
ASV8,0,0,Streptomycin High,96,ASV8,12
ASV9,2.481666666666667,6.700645604354219,Streptomycin High,96,ASV9,12
ASV10,1.0133333333333332,1.707999006457734,Streptomycin High,96,ASV10,12
ASV2,28.823333333333334,15.894167788750996,Streptomycin High,96,ASV2,12
ASV6,1.5916666666666666,0.5140540002290762,Streptomycin High,96,ASV6,12
ASV5,4.345,9.265066844678651,Streptomycin High,96,ASV5,12
ASV1,0.5950000000000001,1.1982449286731445,Streptomycin High,96,ASV1,12
ASV3,0.016666666666666666,0.030550504633038936,Streptomycin High,96,ASV3,12
ASV7,0.2766666666666666,0.8443537963042113,Streptomycin High,96,ASV7,12
ASV4,3.726666666666666,2.6618152839858378,Ciprofloxacin Low,0,ASV4,12
ASV8,0.5516666666666667,0.9553469939178534,Ciprofloxacin Low,0,ASV8,12
ASV9,0,0,Ciprofloxacin Low,0,ASV9,12
ASV10,0.8166666666666668,1.4031868490451773,Ciprofloxacin Low,0,ASV10,12
ASV2,17.208333333333332,17.02467398344016,Ciprofloxacin Low,0,ASV2,12
ASV6,0.6966666666666667,0.2808860439697382,Ciprofloxacin Low,0,ASV6,12
ASV5,4.383333333333334,10.16144883489763,Ciprofloxacin Low,0,ASV5,12
ASV1,35.57833333333333,31.254162147066932,Ciprofloxacin Low,0,ASV1,12
ASV3,5.235,9.688606710977592,Ciprofloxacin Low,0,ASV3,12
ASV7,0.44666666666666666,1.150883718423948,Ciprofloxacin Low,0,ASV7,12
ASV4,8.62,12.662994044925483,Ciprofloxacin Low,12,ASV4,12
ASV8,1.2,3.443454924662412,Ciprofloxacin Low,12,ASV8,12
ASV9,0,0,Ciprofloxacin Low,12,ASV9,12
ASV10,1.055,2.402258407113076,Ciprofloxacin Low,12,ASV10,12
ASV2,5.398333333333333,10.506044868925642,Ciprofloxacin Low,12,ASV2,12
ASV6,1.6199999999999999,0.45222681356714234,Ciprofloxacin Low,12,ASV6,12
ASV5,12.621666666666668,19.36672959359724,Ciprofloxacin Low,12,ASV5,12
ASV1,34.86166666666667,35.44225773470608,Ciprofloxacin Low,12,ASV1,12
ASV3,3.701666666666667,6.873265511231091,Ciprofloxacin Low,12,ASV3,12
ASV7,0.5166666666666666,0.9426783249032643,Ciprofloxacin Low,12,ASV7,12
ASV4,1.1283333333333332,2.6678756729016824,Ciprofloxacin Low,24,ASV4,12
ASV8,1.08,3.635471708795785,Ciprofloxacin Low,24,ASV8,12
ASV9,0,0,Ciprofloxacin Low,24,ASV9,12
ASV10,0.46666666666666673,1.616580753730952,Ciprofloxacin Low,24,ASV10,12
ASV2,1.8950000000000002,5.4394459945175235,Ciprofloxacin Low,24,ASV2,12
ASV6,1.2850000000000001,0.4768933557172638,Ciprofloxacin Low,24,ASV6,12
ASV5,9.66,19.75681976616498,Ciprofloxacin Low,24,ASV5,12
ASV1,16.171666666666667,24.203802042929812,Ciprofloxacin Low,24,ASV1,12
ASV3,6.03,10.650935938387592,Ciprofloxacin Low,24,ASV3,12
ASV7,0.5066666666666666,1.3410805231964893,Ciprofloxacin Low,24,ASV7,12
ASV4,0.45333333333333337,1.025434128315979,Ciprofloxacin Low,48,ASV4,12
ASV8,4.848333333333333,13.656104750978477,Ciprofloxacin Low,48,ASV8,12
ASV9,0,0,Ciprofloxacin Low,48,ASV9,12
ASV10,0,0,Ciprofloxacin Low,48,ASV10,12
ASV2,0.464859437751004,0.9374488910294219,Ciprofloxacin Low,48,ASV2,12
ASV6,1.8080851232578428,2.208510224258012,Ciprofloxacin Low,48,ASV6,12
ASV5,13.996196888090964,21.60681759034851,Ciprofloxacin Low,48,ASV5,12
ASV1,3.627273150050832,7.178073705542322,Ciprofloxacin Low,48,ASV1,12
ASV3,28.804999999999996,37.94931080940852,Ciprofloxacin Low,48,ASV3,12
ASV7,0.37,1.0957272387862693,Ciprofloxacin Low,48,ASV7,12
ASV4,0,0,Ciprofloxacin Low,96,ASV4,12
ASV8,3.1583333333333337,10.273398865148001,Ciprofloxacin Low,96,ASV8,12
ASV9,0,0,Ciprofloxacin Low,96,ASV9,12
ASV10,1.064073334898646,2.757526715005834,Ciprofloxacin Low,96,ASV10,12
ASV2,0.06043633090709869,0.10060652283212197,Ciprofloxacin Low,96,ASV2,12
ASV6,1.231027236440479,0.6040958273656749,Ciprofloxacin Low,96,ASV6,12
ASV5,0.8750000000000001,2.018048111869036,Ciprofloxacin Low,96,ASV5,12
ASV1,0.24166666666666667,0.20117081540247575,Ciprofloxacin Low,96,ASV1,12
ASV3,30.623788839320653,43.656394011041826,Ciprofloxacin Low,96,ASV3,12
ASV7,1.5306265163966501,3.5748220766808765,Ciprofloxacin Low,96,ASV7,12
ASV4,8.928333333333335,9.59999416035176,Ciprofloxacin High,0,ASV4,12
ASV8,1.0133333333333332,2.1668298306861837,Ciprofloxacin High,0,ASV8,12
ASV9,0.355,1.1041121484539675,Ciprofloxacin High,0,ASV9,12
ASV10,0.12166666666666667,0.37951723720186065,Ciprofloxacin High,0,ASV10,12
ASV2,12.920000000000002,19.26250620907221,Ciprofloxacin High,0,ASV2,12
ASV6,0.6416666666666667,0.30670783649867334,Ciprofloxacin High,0,ASV6,12
ASV5,2.6599999999999997,4.959413455055126,Ciprofloxacin High,0,ASV5,12
ASV1,48.35333333333333,26.19093713250421,Ciprofloxacin High,0,ASV1,12
ASV3,4.281666666666667,4.283222731740315,Ciprofloxacin High,0,ASV3,12
ASV7,0.27,0.7021784285027171,Ciprofloxacin High,0,ASV7,12
ASV4,2.0633333333333335,3.8282474825798274,Ciprofloxacin High,12,ASV4,12
ASV8,1.7311904761904762,4.53320062603605,Ciprofloxacin High,12,ASV8,12
ASV9,0,0,Ciprofloxacin High,12,ASV9,12
ASV10,0,0,Ciprofloxacin High,12,ASV10,12
ASV2,3.579569288389513,7.052898720888459,Ciprofloxacin High,12,ASV2,12
ASV6,2.54041822721598,2.123026517745949,Ciprofloxacin High,12,ASV6,12
ASV5,3.2966497235598355,4.687455108853196,Ciprofloxacin High,12,ASV5,12
ASV1,13.851825396825395,12.28341190183944,Ciprofloxacin High,12,ASV1,12
ASV3,26.321031746031746,26.592528696439686,Ciprofloxacin High,12,ASV3,12
ASV7,0.22833333333333333,0.5791817634832049,Ciprofloxacin High,12,ASV7,12
ASV4,0.006666666666666667,0.023094010767585032,Ciprofloxacin High,24,ASV4,12
ASV8,2.2375991189427316,7.484525430035544,Ciprofloxacin High,24,ASV8,12
ASV9,0,0,Ciprofloxacin High,24,ASV9,12
ASV10,0.9966666666666667,3.452554609753962,Ciprofloxacin High,24,ASV10,12
ASV2,0.7747210197210197,1.3471552966748634,Ciprofloxacin High,24,ASV2,12
ASV6,1.725190716321676,1.3436612828830943,Ciprofloxacin High,24,ASV6,12
ASV5,5.433936056294937,10.827038820213994,Ciprofloxacin High,24,ASV5,12
ASV1,7.145391136029902,11.199947725013844,Ciprofloxacin High,24,ASV1,12
ASV3,25.587723935389135,23.45664894367144,Ciprofloxacin High,24,ASV3,12
ASV7,0.27666666666666667,0.6804187658859042,Ciprofloxacin High,24,ASV7,12
ASV4,0.05818181818181818,0.19296726052976873,Ciprofloxacin High,48,ASV4,11
ASV8,0.5504044918916923,1.8254851825309542,Ciprofloxacin High,48,ASV8,11
ASV9,0,0,Ciprofloxacin High,48,ASV9,11
ASV10,0.06,0.19899748742132398,Ciprofloxacin High,48,ASV10,11
ASV2,0.33040526804260395,0.960800179073114,Ciprofloxacin High,48,ASV2,11
ASV6,3.0766569879551375,2.4592313109747854,Ciprofloxacin High,48,ASV6,11
ASV5,0.5036363636363637,1.6703728489608105,Ciprofloxacin High,48,ASV5,11
ASV1,3.2038590464578416,5.93597965395483,Ciprofloxacin High,48,ASV1,11
ASV3,34.8313152470878,34.76640661946901,Ciprofloxacin High,48,ASV3,11
ASV7,0.19636363636363635,0.6512645042879694,Ciprofloxacin High,48,ASV7,11
ASV4,0.012727272727272728,0.0422115882408869,Ciprofloxacin High,96,ASV4,11
ASV8,2.1402882282528726,3.590760806177975,Ciprofloxacin High,96,ASV8,11
ASV9,0,0,Ciprofloxacin High,96,ASV9,11
ASV10,0,0,Ciprofloxacin High,96,ASV10,11
ASV2,0.10395284934000483,0.14112027136180996,Ciprofloxacin High,96,ASV2,11
ASV6,2.315076544752224,1.1527066890807063,Ciprofloxacin High,96,ASV6,11
ASV5,0.8112786171006717,2.610786561183839,Ciprofloxacin High,96,ASV5,11
ASV1,0.5153429233178924,0.3940013170505039,Ciprofloxacin High,96,ASV1,11
ASV3,19.783438826171583,23.759173100783425,Ciprofloxacin High,96,ASV3,11
ASV7,1.8510749649642748,4.1831077437906625,Ciprofloxacin High,96,ASV7,11
