"","Treatment","term","contrast","null.value","estimate","std.error","df","statistic","adj.p.value","p.adj.signif","Metric","group1","group2","y.position"
"1","Blank","Time","Time0 - Time12",0,0.167301632601871,0.163745883773108,436.622833059281,1.02171504252095,0.845308196101085,"ns","Shannon","0","12",3.5
"2","Blank","Time","Time0 - Time24",0,0.156162427225533,0.163745883773108,436.622833059281,0.95368765081092,0.87548603709414,"ns","Shannon","0","24",3.5
"3","Blank","Time","Time0 - Time48",0,0.220211597915209,0.163745883773108,436.622833059281,1.34483745692406,0.663259784003833,"ns","Shannon","0","48",3.5
"4","Blank","Time","Time0 - Time96",0,0.40270908285589,0.166328498141599,438.494429653241,2.42116707212168,0.111579282742007,"ns","Shannon","0","96",3.5
"5","Blank","Time","Time12 - Time24",0,-0.0111392053763384,0.16789873050161,419.462098793432,-0.0663447861878361,0.999995598731996,"ns","Shannon","12","24",3.5
"6","Blank","Time","Time12 - Time48",0,0.0529099653133378,0.16789873050161,419.462098793432,0.31513022853279,0.997857257374864,"ns","Shannon","12","48",3.5
"7","Blank","Time","Time12 - Time96",0,0.235407450254018,0.170418421966218,421.611210955047,1.38134978330384,0.639995975926869,"ns","Shannon","12","96",3.5
"8","Blank","Time","Time24 - Time48",0,0.0640491706896762,0.16789873050161,419.462098793432,0.381475014720626,0.995496949854445,"ns","Shannon","24","48",3.5
"9","Blank","Time","Time24 - Time96",0,0.246546655630357,0.170418421966218,421.611210955047,1.44671364037879,0.597751405346042,"ns","Shannon","24","96",3.5
"10","Blank","Time","Time48 - Time96",0,0.182497484940681,0.170418421966218,421.611210955047,1.0708788570807,0.821421866598241,"ns","Shannon","48","96",3.5
"11","Mixture Low","Time","Time0 - Time12",0,-0.219504770028731,0.222339390521128,423.14116896092,-0.98725092982511,0.86102070635976,"ns","Shannon","0","12",3.5
"12","Mixture Low","Time","Time0 - Time24",0,-0.47139552851167,0.216756329027368,419.462098793432,-2.17477169237421,0.191319666806301,"ns","Shannon","0","24",3.5
"13","Mixture Low","Time","Time0 - Time48",0,-0.23335495571213,0.222339390521128,423.14116896092,-1.04954392096328,0.831990748382303,"ns","Shannon","0","48",3.5
"14","Mixture Low","Time","Time0 - Time96",0,-0.275585067654144,0.216756329027368,419.462098793432,-1.27140494070348,0.708951749761501,"ns","Shannon","0","96",3.5
"15","Mixture Low","Time","Time12 - Time24",0,-0.251890758482938,0.222339390521127,423.14116896092,-1.1329110774863,0.789010941751284,"ns","Shannon","12","24",3.5
"16","Mixture Low","Time","Time12 - Time48",0,-0.0138501856833981,0.227966031155924,427.073668628914,-0.0607554801615372,0.999996903998588,"ns","Shannon","12","48",3.5
"17","Mixture Low","Time","Time12 - Time96",0,-0.0560802976254122,0.222339390521127,423.14116896092,-0.252228350064148,0.999105820300449,"ns","Shannon","12","96",3.5
"18","Mixture Low","Time","Time24 - Time48",0,0.23804057279954,0.222339390521127,423.14116896092,1.07061808634813,0.821553384220842,"ns","Shannon","24","48",3.5
"19","Mixture Low","Time","Time24 - Time96",0,0.195810460857526,0.216756329027368,419.462098793432,0.903366751670734,0.895542984014055,"ns","Shannon","24","96",3.5
"20","Mixture Low","Time","Time48 - Time96",0,-0.0422301119420141,0.222339390521127,423.14116896092,-0.189935358925981,0.999708736499108,"ns","Shannon","48","96",3.5
"21","Mixture High","Time","Time0 - Time12",0,0.23938030350571,0.22796678086388,427.059438170431,1.05006660443499,0.831736885944349,"ns","Shannon","0","12",3.5
"22","Mixture High","Time","Time0 - Time24",0,-0.150186050819386,0.222342629528537,423.172607811894,-0.675471236163058,0.961634281865442,"ns","Shannon","0","24",3.5
"23","Mixture High","Time","Time0 - Time48",0,0.0381396031103651,0.222342629528537,423.172607811881,0.171535270547252,0.999805628014795,"ns","Shannon","0","48",3.5
"24","Mixture High","Time","Time0 - Time96",0,0.549117741826276,0.242032301625158,437.332399940957,2.26877874622169,0.157081698649874,"ns","Shannon","0","96",3.5
"25","Mixture High","Time","Time12 - Time24",0,-0.389566354325096,0.222342629528537,423.172607811894,-1.75209924948331,0.403241168425614,"ns","Shannon","12","24",3.5
"26","Mixture High","Time","Time12 - Time48",0,-0.201240700395345,0.222342629528537,423.172607811894,-0.905092742773003,0.894888981788931,"ns","Shannon","12","48",3.5
"27","Mixture High","Time","Time12 - Time96",0,0.309737438320566,0.242032301625158,437.332399940957,1.27973595359294,0.703855666635232,"ns","Shannon","12","96",3.5
"28","Mixture High","Time","Time24 - Time48",0,0.188325653929751,0.216756329027368,419.462098793432,0.868835778751229,0.908166019605429,"ns","Shannon","24","48",3.5
"29","Mixture High","Time","Time24 - Time96",0,0.699303792645662,0.236442978173949,432.21313161428,2.95760017085892,0.0269556800456299,"*","Shannon","24","96",3.5
"30","Mixture High","Time","Time48 - Time96",0,0.510978138715911,0.236442978173949,432.21313161428,2.16110515381848,0.196627081527442,"ns","Shannon","48","96",3.5
"31","Ampicillin Low","Time","Time0 - Time12",0,-0.831154950883717,0.216756329027368,419.462098793432,-3.8345129510787,0.00136111152001583,"**","Shannon","0","12",3.2
"32","Ampicillin Low","Time","Time0 - Time24",0,-0.817944260145124,0.216756329027368,419.462098793432,-3.77356575383711,0.00171727941675015,"**","Shannon","0","24",3.4
"33","Ampicillin Low","Time","Time0 - Time48",0,-0.593448238562699,0.216756329027368,419.462098793432,-2.73785887233664,0.0502471335198513,"ns","Shannon","0","48",3.5
"34","Ampicillin Low","Time","Time0 - Time96",0,-0.673666513252893,0.216756329027368,419.462098793432,-3.10794391229903,0.0171127960959835,"*","Shannon","0","96",3.6
"35","Ampicillin Low","Time","Time12 - Time24",0,0.0132106907385932,0.216756329027368,419.462098793432,0.0609471972415866,0.999996864505039,"ns","Shannon","12","24",3.5
"36","Ampicillin Low","Time","Time12 - Time48",0,0.237706712321018,0.216756329027368,419.462098793432,1.09665407874206,0.80824968060464,"ns","Shannon","12","48",3.5
"37","Ampicillin Low","Time","Time12 - Time96",0,0.157488437630824,0.216756329027368,419.462098793432,0.726569038779668,0.950280431421388,"ns","Shannon","12","96",3.5
"38","Ampicillin Low","Time","Time24 - Time48",0,0.224496021582425,0.216756329027368,419.462098793432,1.03570688150047,0.83867663784523,"ns","Shannon","24","48",3.5
"39","Ampicillin Low","Time","Time24 - Time96",0,0.144277746892231,0.216756329027368,419.462098793432,0.665621841538081,0.963604561019439,"ns","Shannon","24","96",3.5
"40","Ampicillin Low","Time","Time48 - Time96",0,-0.0802182746901937,0.216756329027368,419.462098793432,-0.370085039962387,0.995995198184074,"ns","Shannon","48","96",3.5
"41","Streptomycin Low","Time","Time0 - Time12",0,-0.739947641411297,0.216756329027369,419.462098793432,-3.41373026906111,0.00629200182535905,"**","Shannon","0","12",3.2
"42","Streptomycin Low","Time","Time0 - Time24",0,-0.669237746980557,0.216756329027369,419.462098793432,-3.08751190788093,0.0182321256514338,"*","Shannon","0","24",3.4
"43","Streptomycin Low","Time","Time0 - Time48",0,-0.63227760376161,0.216756329027369,419.462098793432,-2.91699719495515,0.030398378802907,"*","Shannon","0","48",3.6
"44","Streptomycin Low","Time","Time0 - Time96",0,-0.349870479014468,0.216756329027369,419.462098793419,-1.61411886141646,0.489141334411758,"ns","Shannon","0","96",3.5
"45","Streptomycin Low","Time","Time12 - Time24",0,0.0707098944307397,0.216756329027368,419.462098793432,0.32621836118018,0.9975475519947,"ns","Shannon","12","24",3.5
"46","Streptomycin Low","Time","Time12 - Time48",0,0.107670037649687,0.216756329027368,419.462098793432,0.496733074105959,0.987648052271567,"ns","Shannon","12","48",3.5
"47","Streptomycin Low","Time","Time12 - Time96",0,0.390077162396829,0.216756329027368,419.462098793432,1.79961140764465,0.375131969548407,"ns","Shannon","12","96",3.5
"48","Streptomycin Low","Time","Time24 - Time48",0,0.0369601432189474,0.216756329027368,419.462098793432,0.17051471292578,0.999810173773563,"ns","Shannon","24","48",3.5
"49","Streptomycin Low","Time","Time24 - Time96",0,0.319367267966089,0.216756329027368,419.462098793432,1.47339304646447,0.58038754131526,"ns","Shannon","24","96",3.5
"50","Streptomycin Low","Time","Time48 - Time96",0,0.282407124747142,0.216756329027368,419.462098793432,1.30287833353869,0.689584783952645,"ns","Shannon","48","96",3.5
"51","Ciprofloxacin Low","Time","Time0 - Time12",0,0.214140849373898,0.216756329027368,419.462098793432,0.987933548860114,0.86071636945278,"ns","Shannon","0","12",3.5
"52","Ciprofloxacin Low","Time","Time0 - Time24",0,-0.172954955137695,0.216756329027368,419.462098793432,-0.797923437409099,0.931135208726472,"ns","Shannon","0","24",3.5
"53","Ciprofloxacin Low","Time","Time0 - Time48",0,0.395621138667028,0.216756329027368,419.462098793432,1.8251884059961,0.360373540208188,"ns","Shannon","0","48",3.5
"54","Ciprofloxacin Low","Time","Time0 - Time96",0,-0.0249776164968827,0.216756329027368,419.462098793432,-0.115233620208289,0.999960111070902,"ns","Shannon","0","96",3.5
"55","Ciprofloxacin Low","Time","Time12 - Time24",0,-0.387095804511593,0.216756329027368,419.462098793432,-1.78585698626921,0.383181275141862,"ns","Shannon","12","24",3.5
"56","Ciprofloxacin Low","Time","Time12 - Time48",0,0.18148028929313,0.216756329027368,419.462098793432,0.837254857135986,0.918886055151915,"ns","Shannon","12","48",3.5
"57","Ciprofloxacin Low","Time","Time12 - Time96",0,-0.239118465870781,0.216756329027368,419.462098793432,-1.1031671690684,0.804853600052424,"ns","Shannon","12","96",3.5
"58","Ciprofloxacin Low","Time","Time24 - Time48",0,0.568576093804723,0.216756329027368,419.462098793432,2.6231118434052,0.0680195032505401,"ns","Shannon","24","48",3.5
"59","Ciprofloxacin Low","Time","Time24 - Time96",0,0.147977338640812,0.216756329027368,419.462098793432,0.682689817200809,0.96014476408725,"ns","Shannon","24","96",3.5
"60","Ciprofloxacin Low","Time","Time48 - Time96",0,-0.42059875516391,0.216756329027368,419.462098793432,-1.94042202620439,0.297599184443622,"ns","Shannon","48","96",3.5
"61","Ampicillin High","Time","Time0 - Time12",0,-0.226524837506268,0.216756329027368,419.462098793432,-1.04506677393335,0.834167741944907,"ns","Shannon","0","12",3.5
"62","Ampicillin High","Time","Time0 - Time24",0,-0.356440976666247,0.216756329027368,419.462098793432,-1.64443169094842,0.469836238791818,"ns","Shannon","0","24",3.5
"63","Ampicillin High","Time","Time0 - Time48",0,-0.458363622199758,0.216756329027368,419.462098793432,-2.11464931269381,0.2157082049585,"ns","Shannon","0","48",3.5
"64","Ampicillin High","Time","Time0 - Time96",0,-0.308806502171864,0.216756329027368,419.462098793432,-1.42467121286628,0.612061007112645,"ns","Shannon","0","96",3.5
"65","Ampicillin High","Time","Time12 - Time24",0,-0.129916139159979,0.216756329027368,419.462098793432,-0.599364917015067,0.975138637534021,"ns","Shannon","12","24",3.5
"66","Ampicillin High","Time","Time12 - Time48",0,-0.23183878469349,0.216756329027368,419.462098793432,-1.06958253876046,0.822072069303943,"ns","Shannon","12","48",3.5
"67","Ampicillin High","Time","Time12 - Time96",0,-0.0822816646655962,0.216756329027368,419.462098793432,-0.379604438932933,0.995581696197062,"ns","Shannon","12","96",3.5
"68","Ampicillin High","Time","Time24 - Time48",0,-0.101922645533512,0.216756329027368,419.462098793432,-0.470217621745396,0.989963305368017,"ns","Shannon","24","48",3.5
"69","Ampicillin High","Time","Time24 - Time96",0,0.0476344744943826,0.216756329027368,419.462098793432,0.219760478082134,0.999480977192583,"ns","Shannon","24","96",3.5
"70","Ampicillin High","Time","Time48 - Time96",0,0.149557120027894,0.216756329027368,419.462098793432,0.68997809982753,0.958603880611429,"ns","Shannon","48","96",3.5
"71","Streptomycin High","Time","Time0 - Time12",0,0.14017073861122,0.216756329027368,419.462098793432,0.646674259709951,0.967205648667159,"ns","Shannon","0","12",3.5
"72","Streptomycin High","Time","Time0 - Time24",0,0.031693457500385,0.216756329027368,419.462098793432,0.146216987723497,0.999896991830742,"ns","Shannon","0","24",3.5
"73","Streptomycin High","Time","Time0 - Time48",0,-0.0602455890852942,0.216756329027368,419.462098793432,-0.277941545493177,0.998689896028341,"ns","Shannon","0","48",3.5
"74","Streptomycin High","Time","Time0 - Time96",0,-0.311371013030566,0.216756329027368,419.462098793432,-1.43650252072341,0.604387410949006,"ns","Shannon","0","96",3.5
"75","Streptomycin High","Time","Time12 - Time24",0,-0.108477281110835,0.216756329027368,419.462098793432,-0.500457271986454,0.987295260674853,"ns","Shannon","12","24",3.5
"76","Streptomycin High","Time","Time12 - Time48",0,-0.200416327696514,0.216756329027368,419.462098793432,-0.924615805203128,0.887310132689614,"ns","Shannon","12","48",3.5
"77","Streptomycin High","Time","Time12 - Time96",0,-0.451541751641786,0.216756329027368,419.462098793432,-2.08317678043336,0.229274368202992,"ns","Shannon","12","96",3.5
"78","Streptomycin High","Time","Time24 - Time48",0,-0.0919390465856792,0.216756329027368,419.462098793432,-0.424158533216674,0.993226594260188,"ns","Shannon","24","48",3.5
"79","Streptomycin High","Time","Time24 - Time96",0,-0.343064470530951,0.216756329027368,419.462098793432,-1.5827195084469,0.509322925645739,"ns","Shannon","24","96",3.5
"80","Streptomycin High","Time","Time48 - Time96",0,-0.251125423945272,0.216756329027368,419.462098793432,-1.15856097523023,0.774925945011436,"ns","Shannon","48","96",3.5
"81","Ciprofloxacin High","Time","Time0 - Time12",0,-0.0917470779427281,0.216756329027368,419.462098793432,-0.423272890597551,0.993280645985391,"ns","Shannon","0","12",3.5
"82","Ciprofloxacin High","Time","Time0 - Time24",0,-0.163665975768252,0.216756329027369,419.462098793432,-0.755068959244032,0.943103088383262,"ns","Shannon","0","24",3.5
"83","Ciprofloxacin High","Time","Time0 - Time48",0,0.138058565373062,0.222339390521128,423.14116896092,0.620936151032324,0.971705440828961,"ns","Shannon","0","48",3.5
"84","Ciprofloxacin High","Time","Time0 - Time96",0,-0.0169326275175432,0.222339390521128,423.14116896092,-0.0761566696654866,0.999992363776913,"ns","Shannon","0","96",3.5
"85","Ciprofloxacin High","Time","Time12 - Time24",0,-0.0719188978255241,0.216756329027368,419.462098793432,-0.331796068646483,0.997379968990326,"ns","Shannon","12","24",3.5
"86","Ciprofloxacin High","Time","Time12 - Time48",0,0.22980564331579,0.222339390521127,423.14116896092,1.03358043204654,0.8396938053287,"ns","Shannon","12","48",3.5
"87","Ciprofloxacin High","Time","Time12 - Time96",0,0.0748144504251849,0.222339390521127,423.14116896092,0.336487611348723,0.997232766941839,"ns","Shannon","12","96",3.5
"88","Ciprofloxacin High","Time","Time24 - Time48",0,0.301724541141314,0.222339390521127,423.14116896092,1.35704492323255,0.655519857181666,"ns","Shannon","24","48",3.5
"89","Ciprofloxacin High","Time","Time24 - Time96",0,0.146733348250709,0.222339390521127,423.14116896092,0.659952102534733,0.964709221410125,"ns","Shannon","24","96",3.5
"90","Ciprofloxacin High","Time","Time48 - Time96",0,-0.154991192890605,0.227966031155923,427.073668628914,-0.679887227516783,0.960729129116014,"ns","Shannon","48","96",3.5
"91","Blank","Time","Time0 - Time12",0,-0.0686793585721576,0.14442200478338,437.087991975129,-0.475546359262705,0.989526623103807,"ns","Observed","0","12",3.5
"92","Blank","Time","Time0 - Time24",0,0.0265973782504121,0.14442200478338,437.087991975129,0.184164305780866,0.999742331107683,"ns","Observed","0","24",3.5
"93","Blank","Time","Time0 - Time48",0,-0.132109050402919,0.14442200478338,437.087991975129,-0.914743224905863,0.891186231069787,"ns","Observed","0","48",3.5
"94","Blank","Time","Time0 - Time96",0,-0.0877681162964585,0.146511921165842,441.094739647416,-0.599051023275509,0.975190375585894,"ns","Observed","0","96",3.5
"95","Blank","Time","Time12 - Time24",0,0.0952767368225697,0.149340646498426,420.626279682588,0.637982619310368,0.968775107466679,"ns","Observed","12","24",3.5
"96","Blank","Time","Time12 - Time48",0,-0.0634296918307618,0.149340646498426,420.626279682588,-0.424731600659237,0.993191528595837,"ns","Observed","12","48",3.5
"97","Blank","Time","Time12 - Time96",0,-0.0190887577243009,0.151362664731509,424.692093226808,-0.126112722434962,0.999942850880796,"ns","Observed","12","96",3.5
"98","Blank","Time","Time24 - Time48",0,-0.158706428653332,0.149340646498426,420.626279682588,-1.0627142199696,0.825502335346496,"ns","Observed","24","48",3.5
"99","Blank","Time","Time24 - Time96",0,-0.114365494546871,0.151362664731509,424.692093226808,-0.755572682006724,0.942972419140342,"ns","Observed","24","96",3.5
"100","Blank","Time","Time48 - Time96",0,0.0443409341064609,0.151362664731509,424.692093226808,0.292944988680756,0.998389831717521,"ns","Observed","48","96",3.5
"101","Mixture Low","Time","Time0 - Time12",0,0.41334918128838,0.197269799051439,427.589541511566,2.0953495328527,0.223924392132842,"ns","Observed","0","12",3.5
"102","Mixture Low","Time","Time0 - Time24",0,0.156152035190201,0.192797945600085,420.626279682588,0.809925825216536,0.927526885098331,"ns","Observed","0","24",3.5
"103","Mixture Low","Time","Time0 - Time48",0,0.392240162096021,0.197269799051439,427.589541511566,1.98834369975579,0.273409366977158,"ns","Observed","0","48",3.5
"104","Mixture Low","Time","Time0 - Time96",0,0.212513092035013,0.192797945600085,420.626279682601,1.1022580732049,0.805329552813023,"ns","Observed","0","96",3.5
"105","Mixture Low","Time","Time12 - Time24",0,-0.257197146098178,0.19726979905144,427.589541511566,-1.30378368779659,0.689019801642248,"ns","Observed","12","24",3.5
"106","Mixture Low","Time","Time12 - Time48",0,-0.0211090191923586,0.20174684266041,434.750375793347,-0.104631224528705,0.999972861517744,"ns","Observed","12","48",3.5
"107","Mixture Low","Time","Time12 - Time96",0,-0.200836089253366,0.19726979905144,427.589541511566,-1.01807823711017,0.847004200579618,"ns","Observed","12","96",3.5
"108","Mixture Low","Time","Time24 - Time48",0,0.23608812690582,0.19726979905144,427.589541511566,1.19677785469969,0.75326969868898,"ns","Observed","24","48",3.5
"109","Mixture Low","Time","Time24 - Time96",0,0.0563610568448119,0.192797945600085,420.626279682588,0.292332247988368,0.998402926535139,"ns","Observed","24","96",3.5
"110","Mixture Low","Time","Time48 - Time96",0,-0.179727070061008,0.19726979905144,427.589541511566,-0.91107240401326,0.892601595015667,"ns","Observed","48","96",3.5
"111","Mixture High","Time","Time0 - Time12",0,0.462088432850859,0.201754144219053,434.659280507355,2.2903541071709,0.149927630380305,"ns","Observed","0","12",3.5
"112","Mixture High","Time","Time0 - Time24",0,0.211160236625502,0.19727195973524,427.55749133837,1.07040167750602,0.821663485038154,"ns","Observed","0","24",3.5
"113","Mixture High","Time","Time0 - Time48",0,0.316037787098619,0.19727195973524,427.55749133837,1.60204109860709,0.496867835334779,"ns","Observed","0","48",3.5
"114","Mixture High","Time","Time0 - Time96",0,0.773997552906356,0.212546069255026,453.05025752907,3.64155194974537,0.00278415362622919,"**","Observed","0","96",50
"115","Mixture High","Time","Time12 - Time24",0,-0.250928196225357,0.19727195973524,427.557491338357,-1.27199119713785,0.708592553066872,"ns","Observed","12","24",3.5
"116","Mixture High","Time","Time12 - Time48",0,-0.14605064575224,0.19727195973524,427.557491338357,-0.740351776036772,0.946889019028348,"ns","Observed","12","48",3.5
"117","Mixture High","Time","Time12 - Time96",0,0.311909120055498,0.212546069255026,453.05025752907,1.46748947721658,0.58419562397914,"ns","Observed","12","96",3.5
"118","Mixture High","Time","Time24 - Time48",0,0.104877550473117,0.192797945600085,420.626279682588,0.543976493871267,0.982633650153934,"ns","Observed","24","48",3.5
"119","Mixture High","Time","Time24 - Time96",0,0.562837316280855,0.208380304351021,444.379394647713,2.70101014601046,0.0553760616660467,"ns","Observed","24","96",3.5
"120","Mixture High","Time","Time48 - Time96",0,0.457959765807737,0.208380304351021,444.379394647713,2.19771137792512,0.18242463860451,"ns","Observed","48","96",3.5
"121","Ampicillin Low","Time","Time0 - Time12",0,-0.434605370027677,0.192797945600084,420.626279682601,-2.25420125030361,0.162143806770079,"ns","Observed","0","12",3.5
"122","Ampicillin Low","Time","Time0 - Time24",0,-0.313189653432485,0.192797945600084,420.626279682601,-1.6244449724694,0.482540709184824,"ns","Observed","0","24",3.5
"123","Ampicillin Low","Time","Time0 - Time48",0,-0.65415821586603,0.192797945600084,420.626279682601,-3.39297295845119,0.00675326892237027,"**","Observed","0","48",50
"124","Ampicillin Low","Time","Time0 - Time96",0,-0.269826049685867,0.192797945600084,420.626279682601,-1.39952761864776,0.628310031066249,"ns","Observed","0","96",3.5
"125","Ampicillin Low","Time","Time12 - Time24",0,0.121415716595192,0.192797945600085,420.626279682588,0.629756277834209,0.970213203684179,"ns","Observed","12","24",3.5
"126","Ampicillin Low","Time","Time12 - Time48",0,-0.219552845838353,0.192797945600085,420.626279682588,-1.13877170814758,0.785825854594136,"ns","Observed","12","48",3.5
"127","Ampicillin Low","Time","Time12 - Time96",0,0.16477932034181,0.192797945600085,420.626279682588,0.854673631655843,0.913071373376049,"ns","Observed","12","96",3.5
"128","Ampicillin Low","Time","Time24 - Time48",0,-0.340968562433545,0.192797945600085,420.626279682588,-1.76852798598179,0.393426259024506,"ns","Observed","24","48",3.5
"129","Ampicillin Low","Time","Time24 - Time96",0,0.0433636037466184,0.192797945600085,420.626279682588,0.224917353821634,0.99943113777821,"ns","Observed","24","96",3.5
"130","Ampicillin Low","Time","Time48 - Time96",0,0.384332166180163,0.192797945600085,420.626279682588,1.99344533980342,0.270938937973475,"ns","Observed","48","96",3.5
"131","Streptomycin Low","Time","Time0 - Time12",0,-0.321100248351304,0.192797945600085,420.626279682588,-1.66547546630685,0.456555395313999,"ns","Observed","0","12",3.5
"132","Streptomycin Low","Time","Time0 - Time24",0,-0.148991064337348,0.192797945600085,420.626279682588,-0.772783464437926,0.938329185800856,"ns","Observed","0","24",3.5
"133","Streptomycin Low","Time","Time0 - Time48",0,-0.249497889451318,0.192797945600085,420.626279682588,-1.29408997940696,0.695027308131457,"ns","Observed","0","48",3.5
"134","Streptomycin Low","Time","Time0 - Time96",0,0.381401654393616,0.192797945600085,420.626279682588,1.978245427909,0.278428971010349,"ns","Observed","0","96",3.5
"135","Streptomycin Low","Time","Time12 - Time24",0,0.172109184013955,0.192797945600085,420.626279682588,0.892692001868923,0.899545967491594,"ns","Observed","12","24",3.5
"136","Streptomycin Low","Time","Time12 - Time48",0,0.0716023588999856,0.192797945600085,420.626279682588,0.371385486899888,0.995940482448408,"ns","Observed","12","48",3.5
"137","Streptomycin Low","Time","Time12 - Time96",0,0.702501902744919,0.192797945600085,420.626279682588,3.64372089421585,0.00278348853535071,"**","Observed","12","96",55
"138","Streptomycin Low","Time","Time24 - Time48",0,-0.10050682511397,0.192797945600085,420.626279682588,-0.521306514969035,0.985188658124693,"ns","Observed","24","48",3.5
"139","Streptomycin Low","Time","Time24 - Time96",0,0.530392718730964,0.192797945600085,420.626279682588,2.75102889234693,0.0484795356917991,"*","Observed","24","96",60
"140","Streptomycin Low","Time","Time48 - Time96",0,0.630899543844934,0.192797945600085,420.626279682588,3.27233540731596,0.0101128372790602,"*","Observed","48","96",65
"141","Ciprofloxacin Low","Time","Time0 - Time12",0,0.0522228571631189,0.192797945600085,420.626279682601,0.270868327982308,0.998816116028453,"ns","Observed","0","12",3.5
"142","Ciprofloxacin Low","Time","Time0 - Time24",0,0.0784136949211452,0.192797945600085,420.626279682601,0.40671436968419,0.99423533883425,"ns","Observed","0","24",3.5
"143","Ciprofloxacin Low","Time","Time0 - Time48",0,0.393565825473094,0.192797945600085,420.626279682601,2.04133827384995,0.24815089273556,"ns","Observed","0","48",3.5
"144","Ciprofloxacin Low","Time","Time0 - Time96",0,0.0946103228672633,0.192797945600085,420.626279682601,0.490722671202684,0.988202911922974,"ns","Observed","0","96",3.5
"145","Ciprofloxacin Low","Time","Time12 - Time24",0,0.0261908377580264,0.192797945600085,420.626279682588,0.135846041701882,0.99992314709445,"ns","Observed","12","24",3.5
"146","Ciprofloxacin Low","Time","Time12 - Time48",0,0.341342968309975,0.192797945600085,420.626279682588,1.77046994586764,0.392271915122654,"ns","Observed","12","48",3.5
"147","Ciprofloxacin Low","Time","Time12 - Time96",0,0.0423874657041444,0.192797945600085,420.626279682588,0.219854343220376,0.999480106466206,"ns","Observed","12","96",3.5
"148","Ciprofloxacin Low","Time","Time24 - Time48",0,0.315152130551949,0.192797945600085,420.626279682588,1.63462390416576,0.476058126582072,"ns","Observed","24","48",3.5
"149","Ciprofloxacin Low","Time","Time24 - Time96",0,0.016196627946118,0.192797945600085,420.626279682588,0.0840083015184936,0.999988699682912,"ns","Observed","24","96",3.5
"150","Ciprofloxacin Low","Time","Time48 - Time96",0,-0.298955502605831,0.192797945600085,420.626279682588,-1.55061560264727,0.530102135891618,"ns","Observed","48","96",3.5
"151","Ampicillin High","Time","Time0 - Time12",0,0.145601581620762,0.192797945600085,420.626279682601,0.755202972560607,0.943068270593511,"ns","Observed","0","12",3.5
"152","Ampicillin High","Time","Time0 - Time24",0,-0.0692754696575602,0.192797945600085,420.626279682601,-0.359316430690897,0.99642834991031,"ns","Observed","0","24",3.5
"153","Ampicillin High","Time","Time0 - Time48",0,-0.273140373408559,0.192797945600085,420.626279682588,-1.41671827756467,0.617209097680733,"ns","Observed","0","48",3.5
"154","Ampicillin High","Time","Time0 - Time96",0,0.0592996149910304,0.192797945600085,420.626279682588,0.30757389455816,0.998051241526772,"ns","Observed","0","96",3.5
"155","Ampicillin High","Time","Time12 - Time24",0,-0.214877051278323,0.192797945600085,420.626279682588,-1.1145194032515,0.798870929981992,"ns","Observed","12","24",3.5
"156","Ampicillin High","Time","Time12 - Time48",0,-0.418741955029321,0.192797945600085,420.626279682588,-2.17192125012528,0.192425047746928,"ns","Observed","12","48",3.5
"157","Ampicillin High","Time","Time12 - Time96",0,-0.086301966629732,0.192797945600085,420.626279682588,-0.447629078002448,0.991677818195547,"ns","Observed","12","96",3.5
"158","Ampicillin High","Time","Time24 - Time48",0,-0.203864903750999,0.192797945600085,420.626279682588,-1.05740184687377,0.828133380521503,"ns","Observed","24","48",3.5
"159","Ampicillin High","Time","Time24 - Time96",0,0.128575084648591,0.192797945600085,420.626279682588,0.666890325249057,0.963354831264449,"ns","Observed","24","96",3.5
"160","Ampicillin High","Time","Time48 - Time96",0,0.332439988399589,0.192797945600085,420.626279682588,1.72429217212283,0.420097099098953,"ns","Observed","48","96",3.5
"161","Streptomycin High","Time","Time0 - Time12",0,0.184444732184071,0.192797945600085,420.626279682588,0.956673742606466,0.87422762602876,"ns","Observed","0","12",3.5
"162","Streptomycin High","Time","Time0 - Time24",0,-0.119220950477877,0.192797945600085,420.626279682588,-0.618372514846051,0.972128844700959,"ns","Observed","0","24",3.5
"163","Streptomycin High","Time","Time0 - Time48",0,-0.23579508120659,0.192797945600085,420.626279682588,-1.22301656520601,0.737971975791317,"ns","Observed","0","48",3.5
"164","Streptomycin High","Time","Time0 - Time96",0,-0.157097464874015,0.192797945600085,420.626279682588,-0.814829558401401,0.926019887646333,"ns","Observed","0","96",3.5
"165","Streptomycin High","Time","Time12 - Time24",0,-0.303665682661947,0.192797945600085,420.626279682588,-1.57504625745252,0.514276065289493,"ns","Observed","12","24",3.5
"166","Streptomycin High","Time","Time12 - Time48",0,-0.420239813390661,0.192797945600085,420.626279682588,-2.17969030781247,0.189407259070557,"ns","Observed","12","48",3.5
"167","Streptomycin High","Time","Time12 - Time96",0,-0.341542197058085,0.192797945600085,420.626279682588,-1.77150330100787,0.391658257430356,"ns","Observed","12","96",3.5
"168","Streptomycin High","Time","Time24 - Time48",0,-0.116574130728714,0.192797945600085,420.626279682588,-0.604644050359955,0.974326183365168,"ns","Observed","24","48",3.5
"169","Streptomycin High","Time","Time24 - Time96",0,-0.0378765143961379,0.192797945600085,420.626279682588,-0.19645704355535,0.999667010222568,"ns","Observed","24","96",3.5
"170","Streptomycin High","Time","Time48 - Time96",0,0.0786976163325757,0.192797945600085,420.626279682588,0.408187006804605,0.994154656810234,"ns","Observed","48","96",3.5
"171","Ciprofloxacin High","Time","Time0 - Time12",0,0.480036135913391,0.192797945600085,420.626279682588,2.48984051370089,0.094850109386561,"ns","Observed","0","12",3.5
"172","Ciprofloxacin High","Time","Time0 - Time24",0,0.423775412991954,0.192797945600085,420.626279682588,2.19802867542468,0.182415844789417,"ns","Observed","0","24",3.5
"173","Ciprofloxacin High","Time","Time0 - Time48",0,0.667418217248166,0.19726979905144,427.589541511553,3.38327620577203,0.00697084979598495,"**","Observed","0","48",60
"174","Ciprofloxacin High","Time","Time0 - Time96",0,0.587912269421642,0.19726979905144,427.589541511553,2.98024468138855,0.0252182550636869,"*","Observed","0","96",65
"175","Ciprofloxacin High","Time","Time12 - Time24",0,-0.056260722921437,0.192797945600085,420.626279682588,-0.291811838276208,0.998414043010418,"ns","Observed","12","24",3.5
"176","Ciprofloxacin High","Time","Time12 - Time48",0,0.187382081334775,0.197269799051439,427.589541511553,0.949877184626289,0.877070163847034,"ns","Observed","12","48",3.5
"177","Ciprofloxacin High","Time","Time12 - Time96",0,0.107876133508251,0.197269799051439,427.589541511553,0.546845660242811,0.982290893374419,"ns","Observed","12","96",3.5
"178","Ciprofloxacin High","Time","Time24 - Time48",0,0.243642804256212,0.197269799051439,427.589541511553,1.23507402262158,0.730833833314865,"ns","Observed","24","48",3.5
"179","Ciprofloxacin High","Time","Time24 - Time96",0,0.164136856429688,0.197269799051439,427.589541511553,0.832042498238103,0.920582670562716,"ns","Observed","24","96",3.5
"180","Ciprofloxacin High","Time","Time48 - Time96",0,-0.0795059478265241,0.20174684266041,434.750375793347,-0.394087693160841,0.994895264531307,"ns","Observed","48","96",3.5
"181","Blank","Time","Time0 - Time12",0,0.295841266331862,0.165251651627767,436.658611890258,1.79024695618929,0.380548982491308,"ns","Inverse Simpson","0","12",3.5
"182","Blank","Time","Time0 - Time24",0,0.192841376688008,0.165251651627767,436.658611890258,1.16695582034113,0.770237818013312,"ns","Inverse Simpson","0","24",3.5
"183","Blank","Time","Time0 - Time48",0,0.234746432551729,0.165251651627767,436.658611890258,1.4205391004533,0.614721789442752,"ns","Inverse Simpson","0","48",3.5
"184","Blank","Time","Time0 - Time96",0,0.517221025109071,0.167859394996518,438.554269654419,3.0812754038569,0.0185428728966215,"*","Inverse Simpson","0","96",25
"185","Blank","Time","Time12 - Time24",0,-0.102999889643855,0.169589385955584,419.486517010414,-0.607348679656346,0.973902697538389,"ns","Inverse Simpson","12","24",3.5
"186","Blank","Time","Time12 - Time48",0,-0.0610948337801335,0.169589385955584,419.486517010414,-0.360251518312203,0.996392116561318,"ns","Inverse Simpson","12","48",3.5
"187","Blank","Time","Time12 - Time96",0,0.221379758777209,0.172131426391826,421.664115988844,1.2861088960785,0.699947023402847,"ns","Inverse Simpson","12","96",3.5
"188","Blank","Time","Time24 - Time48",0,0.0419050558637212,0.169589385955584,419.486517010414,0.247097161344143,0.999175370807472,"ns","Inverse Simpson","24","48",3.5
"189","Blank","Time","Time24 - Time96",0,0.324379648421064,0.172131426391826,421.664115988844,1.88448823797389,0.327266936558205,"ns","Inverse Simpson","24","96",3.5
"190","Blank","Time","Time48 - Time96",0,0.282474592557342,0.172131426391826,421.664115988844,1.64104021257769,0.471981045160928,"ns","Inverse Simpson","48","96",3.5
"191","Mixture Low","Time","Time0 - Time12",0,-0.492086469076292,0.224571846393547,423.211146380042,-2.19122065823845,0.184977164307952,"ns","Inverse Simpson","0","12",3.5
"192","Mixture Low","Time","Time0 - Time24",0,-0.64165742390145,0.218938955833174,419.486517010402,-2.93075949622404,0.0292038960147744,"*","Inverse Simpson","0","24",25
"193","Mixture Low","Time","Time0 - Time48",0,-0.417446820845674,0.224571846393547,423.211146380042,-1.85885643080178,0.341369308239631,"ns","Inverse Simpson","0","48",3.5
"194","Mixture Low","Time","Time0 - Time96",0,-0.449382737134024,0.218938955833174,419.486517010414,-2.05254809690626,0.243002632842877,"ns","Inverse Simpson","0","96",3.5
"195","Mixture Low","Time","Time12 - Time24",0,-0.149570954825158,0.224571846393547,423.211146380042,-0.666027185629696,0.963525740597322,"ns","Inverse Simpson","12","24",3.5
"196","Mixture Low","Time","Time12 - Time48",0,0.0746396482306177,0.230245901938989,427.207109407223,0.324173623078842,0.99760716345269,"ns","Inverse Simpson","12","48",3.5
"197","Mixture Low","Time","Time12 - Time96",0,0.0427037319422671,0.224571846393547,423.211146380042,0.190156213381404,0.999707391183264,"ns","Inverse Simpson","12","96",3.5
"198","Mixture Low","Time","Time24 - Time48",0,0.224210603055776,0.224571846393547,423.211146380042,0.998391413066366,0.856035049572504,"ns","Inverse Simpson","24","48",3.5
"199","Mixture Low","Time","Time24 - Time96",0,0.192274686767425,0.218938955833174,419.486517010414,0.878211399317782,0.904831672362026,"ns","Inverse Simpson","24","96",3.5
"200","Mixture Low","Time","Time48 - Time96",0,-0.0319359162883506,0.224571846393547,423.211146380042,-0.142208014055266,0.999907786412991,"ns","Inverse Simpson","48","96",3.5
"201","Mixture High","Time","Time0 - Time12",0,0.0958745903019136,0.230246444761863,427.194844245872,0.416399872758399,0.993690114853544,"ns","Inverse Simpson","0","12",3.5
"202","Mixture High","Time","Time0 - Time24",0,-0.331174406929838,0.224575001655635,423.243244253327,-1.47467173322195,0.579549657785553,"ns","Inverse Simpson","0","24",3.5
"203","Mixture High","Time","Time0 - Time48",0,-0.0539832387119567,0.224575001655635,423.243244253327,-0.240379553886122,0.999260348013904,"ns","Inverse Simpson","0","48",3.5
"204","Mixture High","Time","Time0 - Time96",0,0.312116041544815,0.244445471033077,437.496015780002,1.27683298948329,0.705633028403794,"ns","Inverse Simpson","0","96",3.5
"205","Mixture High","Time","Time12 - Time24",0,-0.427048997231751,0.224575001655635,423.243244253327,-1.9015874166021,0.318023960177779,"ns","Inverse Simpson","12","24",3.5
"206","Mixture High","Time","Time12 - Time48",0,-0.14985782901387,0.224575001655635,423.243244253327,-0.667295237266272,0.963275448242859,"ns","Inverse Simpson","12","48",3.5
"207","Mixture High","Time","Time12 - Time96",0,0.216241451242902,0.244445471033077,437.496015780016,0.884620403597666,0.902519665546776,"ns","Inverse Simpson","12","96",3.5
"208","Mixture High","Time","Time24 - Time48",0,0.277191168217881,0.218938955833174,419.486517010402,1.26606600073993,0.712200957061796,"ns","Inverse Simpson","24","48",3.5
"209","Mixture High","Time","Time24 - Time96",0,0.643290448474653,0.238808874897028,432.325519350345,2.6937459872546,0.0565016753658705,"ns","Inverse Simpson","24","96",3.5
"210","Mixture High","Time","Time48 - Time96",0,0.366099280256772,0.238808874897028,432.325519350345,1.53302208895976,0.541517038256814,"ns","Inverse Simpson","48","96",3.5
"211","Ampicillin Low","Time","Time0 - Time12",0,-0.83147686649748,0.218938955833174,419.486517010414,-3.79775660906616,0.00156658873086268,"**","Inverse Simpson","0","12",20
"212","Ampicillin Low","Time","Time0 - Time24",0,-0.907670553654925,0.218938955833174,419.486517010414,-4.14576999420125,0.000393245467346981,"***","Inverse Simpson","0","24",23
"213","Ampicillin Low","Time","Time0 - Time48",0,-0.451012003675426,0.218938955833174,419.486517010414,-2.05998974444313,0.239619597094713,"ns","Inverse Simpson","0","48",3.5
"214","Ampicillin Low","Time","Time0 - Time96",0,-0.702866244064105,0.218938955833174,419.486517010414,-3.21032975328371,0.01237477735703,"*","Inverse Simpson","0","96",25
"215","Ampicillin Low","Time","Time12 - Time24",0,-0.0761936871574451,0.218938955833174,419.486517010414,-0.348013385135092,0.99684521732013,"ns","Inverse Simpson","12","24",3.5
"216","Ampicillin Low","Time","Time12 - Time48",0,0.380464862822054,0.218938955833174,419.486517010414,1.73776686462303,0.41190238875236,"ns","Inverse Simpson","12","48",3.5
"217","Ampicillin Low","Time","Time12 - Time96",0,0.128610622433375,0.218938955833174,419.486517010414,0.587426855782455,0.976911509616795,"ns","Inverse Simpson","12","96",3.5
"218","Ampicillin Low","Time","Time24 - Time48",0,0.456658549979499,0.218938955833174,419.486517010414,2.08578024975812,0.228131212501417,"ns","Inverse Simpson","24","48",3.5
"219","Ampicillin Low","Time","Time24 - Time96",0,0.20480430959082,0.218938955833174,419.486517010414,0.935440240917547,0.882981199716866,"ns","Inverse Simpson","24","96",3.5
"220","Ampicillin Low","Time","Time48 - Time96",0,-0.251854240388679,0.218938955833174,419.486517010414,-1.15034000884057,0.779481044342446,"ns","Inverse Simpson","48","96",3.5
"221","Streptomycin Low","Time","Time0 - Time12",0,-0.699432104342233,0.218938955833174,419.486517010402,-3.19464437783828,0.0130141676183501,"*","Inverse Simpson","0","12",20
"222","Streptomycin Low","Time","Time0 - Time24",0,-0.703114836465306,0.218938955833174,419.486517010402,-3.21146519489689,0.0123296076515084,"*","Inverse Simpson","0","24",23
"223","Streptomycin Low","Time","Time0 - Time48",0,-0.696370164761252,0.218938955833174,419.486517010402,-3.180659020279,0.0136091022224578,"*","Inverse Simpson","0","48",25
"224","Streptomycin Low","Time","Time0 - Time96",0,-0.523852924967491,0.218938955833174,419.486517010414,-2.39268942785428,0.119287615451369,"ns","Inverse Simpson","0","96",3.5
"225","Streptomycin Low","Time","Time12 - Time24",0,-0.00368273212307277,0.218938955833173,419.486517010414,-0.0168208170586094,0.999999981778615,"ns","Inverse Simpson","12","24",3.5
"226","Streptomycin Low","Time","Time12 - Time48",0,0.00306193958098156,0.218938955833174,419.486517010414,0.0139853575592764,0.999999991292268,"ns","Inverse Simpson","12","48",3.5
"227","Streptomycin Low","Time","Time12 - Time96",0,0.175579179374742,0.218938955833174,419.486517010414,0.801954949984002,0.929935676965877,"ns","Inverse Simpson","12","96",3.5
"228","Streptomycin Low","Time","Time24 - Time48",0,0.00674467170405434,0.218938955833173,419.486517010414,0.0308061746178858,0.999999795068905,"ns","Inverse Simpson","24","48",3.5
"229","Streptomycin Low","Time","Time24 - Time96",0,0.179261911497815,0.218938955833173,419.486517010414,0.818775767042612,0.924792956647448,"ns","Inverse Simpson","24","96",3.5
"230","Streptomycin Low","Time","Time48 - Time96",0,0.172517239793761,0.218938955833174,419.486517010414,0.787969592424726,0.934042378696883,"ns","Inverse Simpson","48","96",3.5
"231","Ciprofloxacin Low","Time","Time0 - Time12",0,0.218756545164826,0.218938955833174,419.486517010402,0.99916684233898,0.855683141852131,"ns","Inverse Simpson","0","12",3.5
"232","Ciprofloxacin Low","Time","Time0 - Time24",0,-0.348036661925688,0.218938955833174,419.486517010402,-1.5896516022068,0.504853463604708,"ns","Inverse Simpson","0","24",3.5
"233","Ciprofloxacin Low","Time","Time0 - Time48",0,0.265558908044335,0.218938955833174,419.486517010402,1.21293584795702,0.743888166257386,"ns","Inverse Simpson","0","48",3.5
"234","Ciprofloxacin Low","Time","Time0 - Time96",0,-0.175823351964281,0.218938955833174,419.486517010402,-0.803070204181727,0.929601590962933,"ns","Inverse Simpson","0","96",3.5
"235","Ciprofloxacin Low","Time","Time12 - Time24",0,-0.566793207090514,0.218938955833174,419.486517010402,-2.58881844454578,0.0742437280986853,"ns","Inverse Simpson","12","24",3.5
"236","Ciprofloxacin Low","Time","Time12 - Time48",0,0.0468023628795088,0.218938955833174,419.486517010402,0.213769005618037,0.999534739212429,"ns","Inverse Simpson","12","48",3.5
"237","Ciprofloxacin Low","Time","Time12 - Time96",0,-0.394579897129107,0.218938955833174,419.486517010402,-1.80223704652071,0.373604133565201,"ns","Inverse Simpson","12","96",3.5
"238","Ciprofloxacin Low","Time","Time24 - Time48",0,0.613595569970023,0.218938955833174,419.486517010402,2.80258745016382,0.0420771140844654,"*","Inverse Simpson","24","48",25
"239","Ciprofloxacin Low","Time","Time24 - Time96",0,0.172213309961407,0.218938955833174,419.486517010402,0.786581398025069,0.934441666562378,"ns","Inverse Simpson","24","96",3.5
"240","Ciprofloxacin Low","Time","Time48 - Time96",0,-0.441382260008616,0.218938955833174,419.486517010402,-2.01600605213875,0.260054719096389,"ns","Inverse Simpson","48","96",3.5
"241","Ampicillin High","Time","Time0 - Time12",0,-0.320027751750938,0.218938955833174,419.486517010414,-1.46172137586511,0.58798961702482,"ns","Inverse Simpson","0","12",3.5
"242","Ampicillin High","Time","Time0 - Time24",0,-0.341925462379462,0.218938955833174,419.486517010402,-1.56173880101996,0.522890252028564,"ns","Inverse Simpson","0","24",3.5
"243","Ampicillin High","Time","Time0 - Time48",0,-0.497696964480354,0.218938955833174,419.486517010402,-2.27322251805927,0.155670971752043,"ns","Inverse Simpson","0","48",3.5
"244","Ampicillin High","Time","Time0 - Time96",0,-0.360384656383431,0.218938955833174,419.486517010402,-1.64605085929996,0.468810697706943,"ns","Inverse Simpson","0","96",3.5
"245","Ampicillin High","Time","Time12 - Time24",0,-0.0218977106285243,0.218938955833174,419.486517010402,-0.100017425154845,0.999977327069644,"ns","Inverse Simpson","12","24",3.5
"246","Ampicillin High","Time","Time12 - Time48",0,-0.177669212729416,0.218938955833174,419.486517010402,-0.811501142194156,0.927044393420351,"ns","Inverse Simpson","12","48",3.5
"247","Ampicillin High","Time","Time12 - Time96",0,-0.0403569046324935,0.218938955833174,419.486517010414,-0.184329483434846,0.999741364981458,"ns","Inverse Simpson","12","96",3.5
"248","Ampicillin High","Time","Time24 - Time48",0,-0.155771502100892,0.218938955833174,419.486517010402,-0.711483717039311,0.953831803626457,"ns","Inverse Simpson","24","48",3.5
"249","Ampicillin High","Time","Time24 - Time96",0,-0.0184591940039691,0.218938955833174,419.486517010414,-0.0843120582800011,0.999988535485395,"ns","Inverse Simpson","24","96",3.5
"250","Ampicillin High","Time","Time48 - Time96",0,0.137312308096923,0.218938955833174,419.486517010414,0.62717165875931,0.970655428298122,"ns","Inverse Simpson","48","96",3.5
"251","Streptomycin High","Time","Time0 - Time12",0,0.175547004404602,0.218938955833174,419.486517010402,0.801807991348807,0.929979627147278,"ns","Inverse Simpson","0","12",3.5
"252","Streptomycin High","Time","Time0 - Time24",0,0.117430149386342,0.218938955833174,419.486517010402,0.536360233104525,0.983523522948836,"ns","Inverse Simpson","0","24",3.5
"253","Streptomycin High","Time","Time0 - Time48",0,0.128429373250955,0.218938955833174,419.486517010402,0.586599003188886,0.977031150097321,"ns","Inverse Simpson","0","48",3.5
"254","Streptomycin High","Time","Time0 - Time96",0,-0.191324674693731,0.218938955833174,419.486517010414,-0.873872235142639,0.906383489727908,"ns","Inverse Simpson","0","96",3.5
"255","Streptomycin High","Time","Time12 - Time24",0,-0.05811685501826,0.218938955833174,419.486517010402,-0.265447758244283,0.998906574440707,"ns","Inverse Simpson","12","24",3.5
"256","Streptomycin High","Time","Time12 - Time48",0,-0.0471176311536472,0.218938955833174,419.486517010402,-0.215208988159922,0.999522214260415,"ns","Inverse Simpson","12","48",3.5
"257","Streptomycin High","Time","Time12 - Time96",0,-0.366871679098333,0.218938955833174,419.486517010402,-1.67568022649145,0.45016042329633,"ns","Inverse Simpson","12","96",3.5
"258","Streptomycin High","Time","Time24 - Time48",0,0.0109992238646128,0.218938955833174,419.486517010402,0.0502387700843608,0.99999855159313,"ns","Inverse Simpson","24","48",3.5
"259","Streptomycin High","Time","Time24 - Time96",0,-0.308754824080073,0.218938955833174,419.486517010414,-1.41023246824716,0.621403341537455,"ns","Inverse Simpson","24","96",3.5
"260","Streptomycin High","Time","Time48 - Time96",0,-0.319754047944686,0.218938955833174,419.486517010414,-1.46047123833153,0.588803492967703,"ns","Inverse Simpson","48","96",3.5
"261","Ciprofloxacin High","Time","Time0 - Time12",0,-0.32800926413739,0.218938955833174,419.486517010402,-1.49817679950627,0.56423374999589,"ns","Inverse Simpson","0","12",3.5
"262","Ciprofloxacin High","Time","Time0 - Time24",0,-0.449649294541088,0.218938955833174,419.486517010402,-2.0537655933817,0.242447066185025,"ns","Inverse Simpson","0","24",3.5
"263","Ciprofloxacin High","Time","Time0 - Time48",0,-0.123908181450631,0.224571846393547,423.211146380042,-0.551752962094322,0.981691440980723,"ns","Inverse Simpson","0","48",3.5
"264","Ciprofloxacin High","Time","Time0 - Time96",0,-0.331455454263934,0.224571846393547,423.211146380042,-1.47594393325279,0.57872068108869,"ns","Inverse Simpson","0","96",3.5
"265","Ciprofloxacin High","Time","Time12 - Time24",0,-0.121640030403699,0.218938955833173,419.486517010414,-0.555588793875429,0.981213149929668,"ns","Inverse Simpson","12","24",3.5
"266","Ciprofloxacin High","Time","Time12 - Time48",0,0.204101082686759,0.224571846393546,423.211146380042,0.908845369374958,0.893455641254563,"ns","Inverse Simpson","12","48",3.5
"267","Ciprofloxacin High","Time","Time12 - Time96",0,-0.00344619012654449,0.224571846393546,423.211146380042,-0.0153456017835169,0.999999987378232,"ns","Inverse Simpson","12","96",3.5
"268","Ciprofloxacin High","Time","Time24 - Time48",0,0.325741113090458,0.224571846393546,423.211146380042,1.45049844101838,0.595288626569078,"ns","Inverse Simpson","24","48",3.5
"269","Ciprofloxacin High","Time","Time24 - Time96",0,0.118193840277154,0.224571846393546,423.211146380042,0.526307469859903,0.984649552435513,"ns","Inverse Simpson","24","96",3.5
"270","Ciprofloxacin High","Time","Time48 - Time96",0,-0.207547272813304,0.230245901938989,427.207109407223,-0.90141570844679,0.896284421997717,"ns","Inverse Simpson","48","96",3.5
"271","Blank","Time","Time0 - Time12",0,-0.0427101086546557,0.110722395220518,436.462369367379,-0.385740468941203,0.995300066079175,"ns","PD","0","12",3.5
"272","Blank","Time","Time0 - Time24",0,0.0576465789250361,0.110722395220518,436.462369367379,0.520640641942631,0.985261394792898,"ns","PD","0","24",3.5
"273","Blank","Time","Time0 - Time48",0,-0.159881529689378,0.110722395220518,436.462369367379,-1.44398546807946,0.599509398953514,"ns","PD","0","48",3.5
"274","Blank","Time","Time0 - Time96",0,-0.129205565496453,0.112327902628827,440.518390790586,-1.15025352092076,0.779532197086381,"ns","PD","0","96",3.5
"275","Blank","Time","Time12 - Time24",0,0.100356687579692,0.114825368340723,420.702223926149,0.873994040079209,0.906340634881793,"ns","PD","12","24",3.5
"276","Blank","Time","Time12 - Time48",0,-0.117171421034723,0.114825368340723,420.702223926149,-1.02043148415634,0.845903167071164,"ns","PD","12","48",3.5
"277","Blank","Time","Time12 - Time96",0,-0.0864954568417975,0.116374284617374,424.835718777334,-0.743252318381037,0.946155597173053,"ns","PD","12","96",3.5
"278","Blank","Time","Time24 - Time48",0,-0.217528108614415,0.114825368340723,420.702223926136,-1.89442552423555,0.321885354743737,"ns","PD","24","48",3.5
"279","Blank","Time","Time24 - Time96",0,-0.186852144421489,0.116374284617374,424.835718777334,-1.60561368893342,0.494580062616905,"ns","PD","24","96",3.5
"280","Blank","Time","Time48 - Time96",0,0.0306759641929251,0.116374284617374,424.835718777334,0.263597445894378,0.99893631583152,"ns","PD","48","96",3.5
"281","Mixture Low","Time","Time0 - Time12",0,0.250346923566078,0.151666151885756,427.763983494244,1.65064465903146,0.465885113285021,"ns","PD","0","12",3.5
"282","Mixture Low","Time","Time0 - Time24",0,0.0633795039958642,0.148238913101917,420.702223926149,0.427549707898151,0.993016825611121,"ns","PD","0","24",3.5
"283","Mixture Low","Time","Time0 - Time48",0,0.111103142294973,0.151666151885756,427.763983494258,0.732550677349962,0.948827662368634,"ns","PD","0","48",3.5
"284","Mixture Low","Time","Time0 - Time96",0,0.0669898875955199,0.148238913101917,420.702223926149,0.451904875675005,0.991370669717351,"ns","PD","0","96",3.5
"285","Mixture Low","Time","Time12 - Time24",0,-0.186967419570214,0.151666151885756,427.763983494244,-1.23275640111874,0.732210893134005,"ns","PD","12","24",3.5
"286","Mixture Low","Time","Time12 - Time48",0,-0.139243781271105,0.155086579440105,435.107802203685,-0.897845460089481,0.897630729173316,"ns","PD","12","48",3.5
"287","Mixture Low","Time","Time12 - Time96",0,-0.183357035970558,0.151666151885756,427.763983494244,-1.20895159329072,0.746213240602767,"ns","PD","12","96",3.5
"288","Mixture Low","Time","Time24 - Time48",0,0.0477236382991086,0.151666151885756,427.763983494244,0.314662419437244,0.997869837559966,"ns","PD","24","48",3.5
"289","Mixture Low","Time","Time24 - Time96",0,0.00361038359965576,0.148238913101918,420.702223926136,0.0243551677768545,0.999999919926628,"ns","PD","24","96",3.5
"290","Mixture Low","Time","Time48 - Time96",0,-0.0441132546994529,0.151666151885756,427.763983494244,-0.290857611609224,0.998434392445622,"ns","PD","48","96",3.5
"291","Mixture High","Time","Time0 - Time12",0,0.197428191394728,0.155089692407468,435.049786065078,1.27299363568292,0.707979423676309,"ns","PD","0","12",3.5
"292","Mixture High","Time","Time0 - Time24",0,0.122592149706719,0.151666974473268,427.743766407132,0.808298247739662,0.928025531919258,"ns","PD","0","24",3.5
"293","Mixture High","Time","Time0 - Time48",0,0.0281524612537807,0.151666974473268,427.743766407132,0.18562024693611,0.999734127429789,"ns","PD","0","48",3.5
"294","Mixture High","Time","Time0 - Time96",0,0.492070024645509,0.163411771315711,453.23250857117,3.01122753081741,0.0229228839765491,"*","PD","0","96",6.5
"295","Mixture High","Time","Time12 - Time24",0,-0.0748360416880092,0.151666974473268,427.743766407119,-0.493423449290203,0.987956604624221,"ns","PD","12","24",3.5
"296","Mixture High","Time","Time12 - Time48",0,-0.169275730140947,0.151666974473268,427.743766407119,-1.11610145009376,0.798032521107267,"ns","PD","12","48",3.5
"297","Mixture High","Time","Time12 - Time96",0,0.294641833250781,0.163411771315711,453.23250857117,1.80306370146085,0.373017513565187,"ns","PD","12","96",3.5
"298","Mixture High","Time","Time24 - Time48",0,-0.0944396884529382,0.148238913101918,420.702223926149,-0.637077582915147,0.968935570292333,"ns","PD","24","48",3.5
"299","Mixture High","Time","Time24 - Time96",0,0.36947787493879,0.160219897832716,444.456478352887,2.30606734829252,0.144818274960133,"ns","PD","24","96",3.5
"300","Mixture High","Time","Time48 - Time96",0,0.463917563391728,0.160219897832716,444.456478352887,2.89550530032231,0.0322735406099908,"*","PD","48","96",5.5
"301","Ampicillin Low","Time","Time0 - Time12",0,-0.3339671072748,0.148238913101917,420.702223926149,-2.25289770605098,0.162594500431431,"ns","PD","0","12",3.5
"302","Ampicillin Low","Time","Time0 - Time24",0,-0.231087745009976,0.148238913101917,420.702223926149,-1.55888720562258,0.524736219551888,"ns","PD","0","24",3.5
"303","Ampicillin Low","Time","Time0 - Time48",0,-0.545659915135166,0.148238913101917,420.702223926149,-3.68094924414357,0.00242732073405261,"**","PD","0","48",5.5
"304","Ampicillin Low","Time","Time0 - Time96",0,-0.20639594846439,0.148238913101917,420.702223926149,-1.39231962880414,0.632950965438671,"ns","PD","0","96",3.5
"305","Ampicillin Low","Time","Time12 - Time24",0,0.102879362264824,0.148238913101918,420.702223926136,0.6940105004284,0.957735193347932,"ns","PD","12","24",3.5
"306","Ampicillin Low","Time","Time12 - Time48",0,-0.211692807860366,0.148238913101918,420.702223926136,-1.42805153809258,0.609868904353502,"ns","PD","12","48",3.5
"307","Ampicillin Low","Time","Time12 - Time96",0,0.12757115881041,0.148238913101918,420.702223926136,0.860578077246843,0.911045760961459,"ns","PD","12","96",3.5
"308","Ampicillin Low","Time","Time24 - Time48",0,-0.31457217012519,0.148238913101918,420.702223926136,-2.12206203852098,0.21258695386744,"ns","PD","24","48",3.5
"309","Ampicillin Low","Time","Time24 - Time96",0,0.0246917965455862,0.148238913101918,420.702223926136,0.166567576818443,0.999827043706589,"ns","PD","24","96",3.5
"310","Ampicillin Low","Time","Time48 - Time96",0,0.339263966670776,0.148238913101918,420.702223926136,2.28862961533942,0.150558470744855,"ns","PD","48","96",3.5
"311","Streptomycin Low","Time","Time0 - Time12",0,-0.27338796329535,0.148238913101918,420.702223926136,-1.84423885452661,0.349560993951526,"ns","PD","0","12",3.5
"312","Streptomycin Low","Time","Time0 - Time24",0,-0.210020642049099,0.148238913101918,420.702223926136,-1.4167713298377,0.617174705374762,"ns","PD","0","24",3.5
"313","Streptomycin Low","Time","Time0 - Time48",0,-0.28379866827142,0.148238913101918,420.702223926136,-1.91446808623254,0.311170642161426,"ns","PD","0","48",3.5
"314","Streptomycin Low","Time","Time0 - Time96",0,-0.0180748207995326,0.148238913101918,420.702223926136,-0.121930338136692,0.999950036590127,"ns","PD","0","96",3.5
"315","Streptomycin Low","Time","Time12 - Time24",0,0.0633673212462512,0.148238913101918,420.702223926149,0.427467524688911,0.993021965497021,"ns","PD","12","24",3.5
"316","Streptomycin Low","Time","Time12 - Time48",0,-0.0104107049760701,0.148238913101918,420.702223926149,-0.0702292317059322,0.999994475312268,"ns","PD","12","48",3.5
"317","Streptomycin Low","Time","Time12 - Time96",0,0.255313142495818,0.148238913101918,420.702223926136,1.72230851638992,0.421308956151806,"ns","PD","12","96",3.5
"318","Streptomycin Low","Time","Time24 - Time48",0,-0.0737780262223214,0.148238913101918,420.702223926149,-0.497696756394843,0.987557568074642,"ns","PD","24","48",3.5
"319","Streptomycin Low","Time","Time24 - Time96",0,0.191945821249566,0.148238913101918,420.702223926136,1.29484099170101,0.69456317732854,"ns","PD","24","96",3.5
"320","Streptomycin Low","Time","Time48 - Time96",0,0.265723847471888,0.148238913101918,420.702223926149,1.79253774809585,0.37925785235573,"ns","PD","48","96",3.5
"321","Ciprofloxacin Low","Time","Time0 - Time12",0,0.00612613135952304,0.148238913101917,420.702223926149,0.0413260677060631,0.999999336574876,"ns","PD","0","12",3.5
"322","Ciprofloxacin Low","Time","Time0 - Time24",0,-0.0301637146535912,0.148238913101917,420.702223926149,-0.203480408904867,0.999617283136892,"ns","PD","0","24",3.5
"323","Ciprofloxacin Low","Time","Time0 - Time48",0,0.187102025456987,0.148238913101917,420.702223926149,1.26216538924804,0.714567577857794,"ns","PD","0","48",3.5
"324","Ciprofloxacin Low","Time","Time0 - Time96",0,-0.00846628967998353,0.148238913101917,420.702223926149,-0.0571124646209649,0.999997581749372,"ns","PD","0","96",3.5
"325","Ciprofloxacin Low","Time","Time12 - Time24",0,-0.0362898460131143,0.148238913101918,420.702223926136,-0.24480647661093,0.999205117113222,"ns","PD","12","24",3.5
"326","Ciprofloxacin Low","Time","Time12 - Time48",0,0.180975894097464,0.148238913101918,420.702223926136,1.22083932154197,0.73925377281275,"ns","PD","12","48",3.5
"327","Ciprofloxacin Low","Time","Time12 - Time96",0,-0.0145924210395066,0.148238913101918,420.702223926136,-0.0984385323270277,0.999978722350267,"ns","PD","12","96",3.5
"328","Ciprofloxacin Low","Time","Time24 - Time48",0,0.217265740110578,0.148238913101918,420.702223926149,1.4656457981529,0.585432726699822,"ns","PD","24","48",3.5
"329","Ciprofloxacin Low","Time","Time24 - Time96",0,0.0216974249736077,0.148238913101918,420.702223926149,0.146367944283902,0.999896569349534,"ns","PD","24","96",3.5
"330","Ciprofloxacin Low","Time","Time48 - Time96",0,-0.195568315136971,0.148238913101918,420.702223926149,-1.319277853869,0.679360603082722,"ns","PD","48","96",3.5
"331","Ampicillin High","Time","Time0 - Time12",0,0.170611449115989,0.148238913101918,420.702223926136,1.15092215360949,0.779159948057613,"ns","PD","0","12",3.5
"332","Ampicillin High","Time","Time0 - Time24",0,-0.0227230621454014,0.148238913101918,420.702223926149,-0.153286756290359,0.999875703057432,"ns","PD","0","24",3.5
"333","Ampicillin High","Time","Time0 - Time48",0,-0.233005441453869,0.148238913101918,420.702223926149,-1.57182373088281,0.516359411235126,"ns","PD","0","48",3.5
"334","Ampicillin High","Time","Time0 - Time96",0,-0.11498380207234,0.148238913101918,420.702223926149,-0.775665442131822,0.93752953928899,"ns","PD","0","96",3.5
"335","Ampicillin High","Time","Time12 - Time24",0,-0.193334511261391,0.148238913101918,420.702223926149,-1.30420890989985,0.688758040930485,"ns","PD","12","24",3.5
"336","Ampicillin High","Time","Time12 - Time48",0,-0.403616890569859,0.148238913101918,420.702223926149,-2.7227458844923,0.0523320274808077,"ns","PD","12","48",3.5
"337","Ampicillin High","Time","Time12 - Time96",0,-0.285595251188329,0.148238913101918,420.702223926149,-1.92658759574131,0.304788486843359,"ns","PD","12","96",3.5
"338","Ampicillin High","Time","Time24 - Time48",0,-0.210282379308468,0.148238913101918,420.702223926149,-1.41853697459245,0.616032188857178,"ns","PD","24","48",3.5
"339","Ampicillin High","Time","Time24 - Time96",0,-0.0922607399269385,0.148238913101918,420.702223926149,-0.622378685841464,0.971464480600733,"ns","PD","24","96",3.5
"340","Ampicillin High","Time","Time48 - Time96",0,0.11802163938153,0.148238913101918,420.702223926149,0.79615828875099,0.931656861812092,"ns","PD","48","96",3.5
"341","Streptomycin High","Time","Time0 - Time12",0,0.0317141531009254,0.148238913101918,420.702223926149,0.213939460545836,0.999533275582275,"ns","PD","0","12",3.5
"342","Streptomycin High","Time","Time0 - Time24",0,-0.210780024432889,0.148238913101918,420.702223926149,-1.42189402244182,0.613858818703746,"ns","PD","0","24",3.5
"343","Streptomycin High","Time","Time0 - Time48",0,-0.301935680920437,0.148238913101918,420.702223926149,-2.03681796231769,0.250248141571484,"ns","PD","0","48",3.5
"344","Streptomycin High","Time","Time0 - Time96",0,-0.28467935658455,0.148238913101918,420.702223926136,-1.92040909250884,0.308032881265443,"ns","PD","0","96",3.5
"345","Streptomycin High","Time","Time12 - Time24",0,-0.242494177533814,0.148238913101918,420.702223926136,-1.63583348298765,0.475289105625955,"ns","PD","12","24",3.5
"346","Streptomycin High","Time","Time12 - Time48",0,-0.333649834021362,0.148238913101918,420.702223926136,-2.25075742286353,0.163337090953789,"ns","PD","12","48",3.5
"347","Streptomycin High","Time","Time12 - Time96",0,-0.316393509685475,0.148238913101918,420.702223926136,-2.13434855305467,0.20749050578298,"ns","PD","12","96",3.5
"348","Streptomycin High","Time","Time24 - Time48",0,-0.0911556564875485,0.148238913101918,420.702223926149,-0.614923939875874,0.972692338867156,"ns","PD","24","48",3.5
"349","Streptomycin High","Time","Time24 - Time96",0,-0.073899332151661,0.148238913101918,420.702223926136,-0.498515070067017,0.987480252431925,"ns","PD","24","96",3.5
"350","Streptomycin High","Time","Time48 - Time96",0,0.0172563243358875,0.148238913101918,420.702223926149,0.116408869808856,0.999958464618621,"ns","PD","48","96",3.5
"351","Ciprofloxacin High","Time","Time0 - Time12",0,0.3524203509876,0.148238913101918,420.702223926136,2.37738083485071,0.12354057259348,"ns","PD","0","12",3.5
"352","Ciprofloxacin High","Time","Time0 - Time24",0,0.276478243544071,0.148238913101918,420.702223926136,1.86508547424377,0.337921635361976,"ns","PD","0","24",3.5
"353","Ciprofloxacin High","Time","Time0 - Time48",0,0.412102642366802,0.151666151885756,427.763983494231,2.71716950184918,0.0530941084094999,"ns","PD","0","48",3.5
"354","Ciprofloxacin High","Time","Time0 - Time96",0,0.284529583966011,0.151666151885756,427.763983494231,1.87602560247151,0.331867768192596,"ns","PD","0","96",3.5
"355","Ciprofloxacin High","Time","Time12 - Time24",0,-0.0759421074435283,0.148238913101918,420.702223926149,-0.512295360606944,0.986127015823854,"ns","PD","12","24",3.5
"356","Ciprofloxacin High","Time","Time12 - Time48",0,0.0596822913792028,0.151666151885756,427.763983494244,0.393510949128313,0.994923682727567,"ns","PD","12","48",3.5
"357","Ciprofloxacin High","Time","Time12 - Time96",0,-0.0678907670215884,0.151666151885756,427.763983494244,-0.447632950249359,0.991678082448451,"ns","PD","12","96",3.5
"358","Ciprofloxacin High","Time","Time24 - Time48",0,0.135624398822731,0.151666151885756,427.763983494244,0.894229840583622,0.898977815407981,"ns","PD","24","48",3.5
"359","Ciprofloxacin High","Time","Time24 - Time96",0,0.00805134042193982,0.151666151885756,427.763983494244,0.0530859412059492,0.999998194686143,"ns","PD","24","96",3.5
"360","Ciprofloxacin High","Time","Time48 - Time96",0,-0.127573058400791,0.155086579440105,435.107802203671,-0.822592508399867,0.923600892719847,"ns","PD","48","96",3.5
